Año,Código Único,Nivel Global,Nivel Carrera,Nombre Carrera,Área Carrera Genérica,Tipo Carrera,Versión,Área del conocimiento,Acreditación Carrera o Programa,Modalidad,Jornada,Nombre Sede,Nombre Título,Grado Académico,Año Inicio,Vacantes Semestre Uno,Vacantes Semestre Dos,Arancel Anual,Duración Total,Vigencia
2010,I73S2C107J1V1,Posgrado,Doctorado,DOCTORADO EN CIENCIAS APLICADAS MENCION SISTEMAS MARINOS COSTEROS,Doctorado en Ciencias Básicas,Plan Regular,111,Ciencias Básicas,,,Diurna,SEDE CAMPUS COLOSO,NO OTORGA TITULO,"DOCTOR EN CIENCIAS APLICADAS, MENCION SISTEMAS MARINOS COSTEROS",2006,10,0,1350000,8,Vigente con estudiantes nuevos
2010,I73S2C108J1V1,Posgrado,Doctorado,DOCTORADO EN CIENCIAS BIOLOGICAS,Doctorado en Ciencias Básicas,Plan Regular,1,Ciencias Básicas,,,Diurna,SEDE CAMPUS COLOSO,NO OTORGA TITULO,DOCTOR EN CIENCIAS BIOLOGICAS,2006,10,0,1400000,8,Vigente con estudiantes nuevos
2010,I73S2C106J1V1,Posgrado,Doctorado,DOCTORADO EN CIENCIAS DE LA INGENIERIA M/ PROCESAMIENTO DE MINERALES,Doctorado en Tecnología,Plan Regular,1,Tecnología,,,Diurna,SEDE CAMPUS COLOSO,NO OTORGA TITULO,DOCTOR EN INGENIERIA DE PROCESOS DE MINERALES,2006,10,0,2400000,8,Vigente con estudiantes nuevos
2010,I73S2C109J1V1,Posgrado,Doctorado,DOCTORADO EN QUIMICA,Doctorado en Ciencias Básicas,Plan Regular,1,Ciencias Básicas,,,Diurna,SEDE CAMPUS COLOSO,NO OTORGA TITULO,DOCTOR EN QUIMICA,2006,10,0,2500000,8,Vigente con estudiantes nuevos
2010,I73S2C104J1V1,Posgrado,Magister,MAGISTER CIENCIAS CON MENCION,Magister en Ciencias Básicas,Plan Regular,1,Ciencias Básicas,,,Diurna,SEDE CAMPUS COLOSO,NO OTORGA TITULO,MAGISTER EN CIENCIAS CON MENCION EN ESTADISTICA INDUSTRIAL O MATEMATICAS APLICADAS,2004,20,0,1500000,4,Vigente con estudiantes nuevos
2010,I73S2C103J1V1,Posgrado,Magister,MAGISTER EN BIOLOGIA,Magister en Ciencias Básicas,Plan Regular,1,Ciencias Básicas,,,Diurna,SEDE CAMPUS COLOSO,NO OTORGA TITULO,MAGISTER EN BIOLOGIA,2009,20,0,1400000,4,Vigente con estudiantes nuevos
2010,I73S2C113J1V1,Posgrado,Magister,"MAGISTER EN CIENCIAS BIOMEDICAS M/ BIOLOGIA DE LA REPRODUCCION, MICROBIOLOGIA APLICADA O FISIOLOGIA APLICADA",Magister en Salud,Plan Regular,1,Salud,,,Diurna,SEDE CAMPUS COLOSO,NO OTORGA TITULO,"MAGISTER EN CIENCIAS BIOMEDICAS MENCION BIOLOGIA DE LA REPRODUCCION, MICROBIOLOGIA APLICADA O FISIOLOGIA APLICADA",2000,20,0,1100000,4,Vigente con estudiantes nuevos
2010,I73S2C101J1V1,Posgrado,Magister,MAGISTER EN CIENCIAS DE LA INGENIERIA M/ INGENIERIA DE PROCESOS DE MINERALES,Magister en Tecnología,Plan Regular,1,Tecnología,,,Diurna,SEDE CAMPUS COLOSO,NO OTORGA TITULO,"MAGISTER EN CIENCIAS DE LA INGENIERIA, MENCION INGENIERIA DE PROCESOS DE MINERALES",1998,20,0,1450000,3,Vigente con estudiantes nuevos
2010,I73S2C100J1V1,Posgrado,Magister,MAGISTER EN CIENCIAS ODONTOLOGICAS,Magister en Salud,Plan Regular,1,Salud,,,Diurna,SEDE CAMPUS COLOSO,NO OTORGA TITULO,"MAGISTER EN CIENCIAS ODONTOLOGICAS CON MENCION EN CIRUGIA Y TRAUMATOLOGIA MAXILOFACIAL, PERIODONCIA O REHABILITACION ORAL",2006,20,0,4000000,6,Vigente con estudiantes nuevos
2010,I73S2C102J1V1,Posgrado,Magister,MAGISTER EN CIENCIAS SOCIALES,Magister en Ciencias Sociales,Plan Regular,1,Ciencias Sociales,,,Diurna,SEDE CAMPUS COLOSO,NO OTORGA TITULO,"MAGISTER EN CIENCIAS SOCIALES CON MENCION EN TRABAJO SOCIAL, GESTION DIRECTIVA O COMUNICACION CORPORATIVA",2007,20,0,142000,3,Vigente con estudiantes nuevos
2010,I73S2C148J1V1,Posgrado,Magister,MAGISTER EN DERECHO,Magister en Derecho,Plan Regular,1,Derecho,,,Diurna,SEDE CAMPUS COLOSO,NO OTORGA TITULO,"MAGISTER EN DERECHO CON MENCION EN DERECHO DE FAMILIA, MENCION DERECHO LABORAL, MENCION DE LOS RECURSOS NATURALES",2006,20,0,1700000,4,Vigente con estudiantes nuevos
2010,I73S2C149J1V1,Posgrado,Magister,MAGISTER EN DESARROLLO ENERGETICO,Magister en Tecnología,Plan Regular,1,Tecnología,,,Diurna,SEDE CAMPUS COLOSO,NO OTORGA TITULO,MAGISTER EN DESARROLLO ENERGETICO,2010,20,0,2500000,4,Vigente con estudiantes nuevos
2010,I73S2C150J1V1,Posgrado,Magister,MAGISTER EN INGENIERIA Y TECNOLOGIA DE LOS MATERIALES,Magister en Tecnología,Plan Regular,1,Tecnología,,,Diurna,SEDE CAMPUS COLOSO,NO OTORGA TITULO,MAGISTER EN INGENIERIA Y TECNOLOGIA DE LOS MATERIALES,2010,20,0,2000000,4,Vigente con estudiantes nuevos
2010,I73S2C105J1V1,Posgrado,Magister,MAGISTER EN MEDIO AMBIENTE Y DESARROLLO SUSTENTABLE,Magister en Tecnología,Plan Regular,1,Tecnología,,,Diurna,SEDE CAMPUS COLOSO,NO OTORGA TITULO,MAGISTER EN MEDIO AMBIENTE Y DESARROLLO SUSTENTABLE,2006,20,0,1534278,4,Vigente con estudiantes nuevos
2010,I73S2C110J1V1,Posgrado,Magister,MAGISTER EN SALUD PUBLICA,Magister en Salud,Plan Regular,1,Salud,,,Diurna,SEDE CAMPUS COLOSO,NO OTORGA TITULO,MAGISTER EN SALUD PUBLICA,2006,20,0,2351860,4,Vigente con estudiantes nuevos
2010,I73S2C111J1V1,Postítulo,Especialidad Médica U Odontológica,ESPECIALIDAD EN PEDIATRIA,Postítulo en Salud,Plan Regular,1,Salud,,,Diurna,SEDE CAMPUS COLOSO,NO OTORGA TITULO,ESPECIALISTA EN PEDIATRIA,2007,3,0,2800000,3,Vigente con estudiantes nuevos
2010,I73S2C112J1V1,Postítulo,Especialidad Médica U Odontológica,ESPECIALIDADES EN ODONTOLOGIA,Postítulo en Salud,Plan Regular,1,Salud,,,Diurna,SEDE CAMPUS COLOSO,NO OTORGA TITULO,ESPECIALIZACION EN ODONTOPEDIATRIA-ESPECIALIZACION EN PERIODONCIA-ESPECIALIZACION EN REHABILITACION ORAL MENCION PROSTODONCIA E IMPLANTOLOGIA,2007,0,0,0,4,Vigente sin estudiantes nuevos
2010,I73S2C145J1V1,Postítulo,Especialidad Médica U Odontológica,ESPECIALIZACION EN ODONTOPEDIATRIA,Postítulo en Salud,Plan Regular,1,Salud,,,Diurna,SEDE CAMPUS COLOSO,NO OTORGA TITULO,ESPECIALIZACION EN ODONTOPEDIATRIA,2007,5,0,3900000,4,Vigente con estudiantes nuevos
2010,I73S2C146J1V1,Postítulo,Especialidad Médica U Odontológica,ESPECIALIZACION EN PERIODONCIA,Postítulo en Salud,Plan Regular,1,Salud,,,Diurna,SEDE CAMPUS COLOSO,NO OTORGA TITULO,ESPECIALIZACION EN PERIODONCIA,2007,5,0,3900000,4,Vigente con estudiantes nuevos
2010,I73S2C147J1V1,Postítulo,Especialidad Médica U Odontológica,"ESPECIALIZACION EN REHABILITACION ORAL, MENCION PROSTODONCIA E IMPLANTOLOGIA",Postítulo en Salud,Plan Regular,1,Salud,,,Diurna,SEDE CAMPUS COLOSO,NO OTORGA TITULO,"ESPECIALIZACION EN REHABILITACION ORAL, MENCION PROSTODONCIA E IMPLANTOLOGIA",2007,5,0,5000000,4,Vigente con estudiantes nuevos
2010,I73S1C22J4V1,Postítulo,Postítulo,INGENIERIA EN ACUICULTURA,Postítulo en Agropecuaria,Plan Especial,1,Agropecuaria,,,A Distancia,CASA CENTRAL (ANTOFAGASTA),INGENIERO EN ACUICULTURA,NO OTORGA GRADO,2010,30,0,1210000,2,Vigente con estudiantes nuevos
2010,I73S1C161J4V1,Postítulo,Postítulo,PROFESOR DE BIOLOGIA Y CIENCIAS NATURALES,Postítulo en Educación,Plan Especial,1,Educación,,,A Distancia,CASA CENTRAL (ANTOFAGASTA),PROFESOR DE BIOLOGIA Y CIENCIAS,NO OTORGA GRADO,2010,10,0,1425000,4,Vigente con estudiantes nuevos
2010,I73S1C117J4V1,Postítulo,Postítulo,PROFESOR DE EDUCACION DIFERENCIAL MENCION EN LENGUAJE,Postítulo en Educación,Plan Especial,1,Educación,,,A Distancia,CASA CENTRAL (ANTOFAGASTA),PROFESOR DE EDUCACION DIFERENCIAL MENCION LENGUAJE,NO OTORGA,2007,35,0,825000,2,Vigente con estudiantes nuevos
2010,I73S1C118J4V1,Postítulo,Postítulo,PROFESOR DE EDUCACION ESPECIAL MENCION DEFICIENCIA MENTAL,Postítulo en Educación,Plan Especial,1,Educación,,,A Distancia,CASA CENTRAL (ANTOFAGASTA),PROFESOR DE EDUCACION ESPECIAL MENCION DEFICIENCIA MENTAL,NO OTORGA,2008,30,0,825000,2,Vigente con estudiantes nuevos
2010,I73S1C119J4V1,Postítulo,Postítulo,PROFESOR DE EDUCACION ESPECIAL MENCION LENGUAJE,Postítulo en Educación,Plan Especial,1,Educación,,,A Distancia,CASA CENTRAL (ANTOFAGASTA),PROFESOR DE EDUCACION ESPECIAL MENCION LENGUAJE,NO OTORGA,2003,20,0,825000,2,Vigente con estudiantes nuevos
2010,I73S2C1J1V1,Pregrado,Profesional Con Licenciatura,ADMINISTRACION DE EMPRESAS,Administración de Empresas e Ing. Asociadas,Plan Regular,1,Administración y Comercio,,,Diurna,SEDE CAMPUS COLOSO,ADMINISTRADOR DE EMPRESAS MENCION EN RECURSOS HUMANOS,LICENCIADO EN CIENCIAS DE LA ADMINISTRACION,1994,30,0,2141000,10,Vigente con estudiantes nuevos
2010,I73S2C2J1V1,Pregrado,Profesional Con Licenciatura,ADMINISTRACION PUBLICA,Administración Pública,Plan Regular,1,Ciencias Sociales,,,Diurna,SEDE CAMPUS COLOSO,ADMINISTRADOR PUBLICO,LICENCIADO EN CIENCIAS DE LA ADMINISTRACION,1994,30,0,2213000,10,Vigente con estudiantes nuevos
2010,I73S2C3J1V1,Pregrado,Técnico de Nivel Superior,ANALISIS QUIMICO,Técnico en Química (Análisis e Industrial),Plan Regular,1,Ciencias Básicas,,,Diurna,SEDE CAMPUS COLOSO,ANALISTA QUIMICO,BACHILLER EN QUIMICA,1981,0,0,2164000,6,Vigente con estudiantes nuevos
2010,I73S2C48J1V1,Pregrado,"Bachillerato, Ciclo Inicial o Plan Común",BACHILLLERATO EN CIENCIAS,Bachillerato y/o Licenciatura en Ciencias Básicas,Plan Regular,1,Ciencias Básicas,,,Diurna,SEDE CAMPUS COLOSO,NO OTORGA TITULO,BACHILLER EN CIENCIAS,2004,20,0,1709000,4,Vigente con estudiantes nuevos
2010,I73S2C40J1V1,Pregrado,Profesional Con Licenciatura,BIOQUIMICA,Bioquímica,Plan Regular,1,Ciencias Básicas,,,Diurna,SEDE CAMPUS COLOSO,BIOQUIMICO,LICENCIADO EN BIOQUIMICA,2006,35,0,2566000,10,Vigente con estudiantes nuevos
2010,I73S2C10J1V1,Pregrado,Profesional Con Licenciatura,BIOTECNOLOGIA,Biotecnología,Plan Regular,1,Tecnología,,,Diurna,SEDE CAMPUS COLOSO,BIOTECNOLOGO,LICENCIADO EN BIOTECNOLOGIA,2007,35,0,2532000,10,Vigente con estudiantes nuevos
2010,I73S2C4J1V1,Pregrado,"Bachillerato, Ciclo Inicial o Plan Común",CICLO BASICO EN QUIMICA,"Química, Licenciado en Química",Plan Regular,1,Ciencias Básicas,,,Diurna,SEDE CAMPUS COLOSO,NO OTORGA TITULO,BACHILLER EN QUIMICA,1993,20,0,2164000,4,Vigente con estudiantes nuevos
2010,I73S2C5J1V1,Pregrado,Profesional Con Licenciatura,DERECHO,Derecho,Plan Regular,1,Derecho,,,Diurna,SEDE CAMPUS COLOSO,ABOGADO (OTORGADO POR LA CORTE SUPREMA),LICENCIADO EN CIENCIAS JURIDICAS,1993,70,0,2620000,12,Vigente con estudiantes nuevos
2010,I73S2C6J1V1,Pregrado,Profesional Sin Licenciatura,DISEÑO GRAFICO PUBLICITARIO,Diseño Gráfico,Plan Regular,1,Arte y Arquitectura,,,Diurna,SEDE CAMPUS COLOSO,DISENADOR GRAFICO PUBLICITARIO,SIN GRADO,1981,40,0,2335000,10,Vigente con estudiantes nuevos
2010,I73S2C7J1V1,Pregrado,Profesional Con Licenciatura,ECOLOGIA MARINA MENCION EN MANEJO DE RECURSOS O IMPACTO AMBIENTAL,Biología Marina y Ecología Marina,Plan Regular,1,Ciencias Básicas,,,Diurna,SEDE CAMPUS COLOSO,ECOLOGO MARINO MENCION MANEJO DE RECURSOS O IMPACTO AMBIENTAL,LICENCIADO EN CIENCIAS ECOLOGICAS,2002,20,0,2213000,10,Vigente con estudiantes nuevos
2010,I73S2C8J1V1,Pregrado,Profesional Con Licenciatura,EDUCACION PARVULARIA,Pedagogía en Educación de Párvulos,Plan Regular,1,Educación,,,Diurna,SEDE CAMPUS COLOSO,EDUCADOR(A) DE PARVULOS,LICENCIADO EN EDUCACION,1981,40,0,1823000,9,Vigente con estudiantes nuevos
2010,I73S2C9J1V1,Pregrado,Profesional Con Licenciatura,ENFERMERIA,Enfermería,Plan Regular,1,Salud,,,Diurna,SEDE CAMPUS COLOSO,ENFERMERO(A),LICENCIADO EN ENFERMERIA,1981,50,0,2414000,10,Vigente con estudiantes nuevos
2010,I73S2C38J1V1,Pregrado,Profesional Con Licenciatura,INGENIERIA CIVIL EN GEOMATICA,Ingeniería Civil en Geomática y Geomensura,Plan Regular,1,Ciencias Básicas,,,Diurna,SEDE CAMPUS COLOSO,INGENIERO CIVIL GEOMATICO,LICENCIADO EN CIENCIAS DE LA INGENIERIA CON MENCION EN GEOMATICA,2006,20,0,2449000,12,Vigente con estudiantes nuevos
2010,I73S2C39J1V1,Pregrado,Profesional Con Licenciatura,INGENIERIA CIVIL INDUSTRIAL,Ingeniería Civil Industrial,Plan Regular,1,Tecnología,,,Diurna,SEDE CAMPUS COLOSO,INGENIERO CIVIL INDUSTRIAL,LICENCIADO EN CIENCIAS DE LA INGENIERIA,2005,0,0,2449000,12,Vigente con estudiantes nuevos
2010,I73S2C39J1V2,Pregrado,Profesional Con Licenciatura,INGENIERIA CIVIL INDUSTRIAL,Ingeniería Civil Industrial,Plan Especial,2,Tecnología,,,Diurna,SEDE CAMPUS COLOSO,INGENIERO CIVIL INDUSTRIAL,LICENCIADO EN CIENCIAS DE LA INGENIERIA,2005,0,0,1870000,6,Vigente sin estudiantes nuevos
2010,I73S2C39J1V3,Pregrado,Profesional Con Licenciatura,INGENIERIA CIVIL INDUSTRIAL,Ingeniería Civil Industrial,Plan Especial,3,Tecnología,,,Diurna,SEDE CAMPUS COLOSO,INGENIERO CIVIL INDUSTRIAL,LICENCIADO EN CIENCIAS DE LA INGENIERIA,2006,0,0,1870000,6,Vigente sin estudiantes nuevos
2010,I73S2C39J1V4,Pregrado,Profesional Con Licenciatura,INGENIERIA CIVIL INDUSTRIAL,Ingeniería Civil Industrial,Plan Especial,4,Tecnología,,,Diurna,SEDE CAMPUS COLOSO,INGENIERO CIVIL INDUSTRIAL,LICENCIADO EN CIENCIAS DE LA INGENIERIA,2007,0,0,1870000,6,Vigente sin estudiantes nuevos
2010,I73S2C39J1V5,Pregrado,Profesional Con Licenciatura,INGENIERIA CIVIL INDUSTRIAL,Ingeniería Civil Industrial,Plan Especial,5,Tecnología,,,Diurna,SEDE CAMPUS COLOSO,INGENIERO CIVIL INDUSTRIAL,LICENCIADO EN CIENCIAS DE LA INGENIERIA,2008,0,0,1870000,6,Vigente sin estudiantes nuevos
2010,I73S2C39J1V6,Pregrado,Profesional Con Licenciatura,INGENIERIA CIVIL INDUSTRIAL,Ingeniería Civil Industrial,Plan Especial,6,Tecnología,,,Diurna,SEDE CAMPUS COLOSO,INGENIERO CIVIL INDUSTRIAL,LICENCIADO EN CIENCIAS DE LA INGENIERIA,2009,0,0,1870000,6,Vigente sin estudiantes nuevos
2010,I73S2C11J1V1,Pregrado,Profesional Con Licenciatura,INGENIERIA CIVIL INDUSTRIAL EN ELECTRICIDAD,Ingeniería Civil Industrial,Plan Regular,1,Tecnología,,,Diurna,SEDE CAMPUS COLOSO,INGENIERO CIVIL INDUSTRIAL EN ELECTRICIDAD,LICENCIADO EN CIENCIAS DE LA INGENIERIA CON MENCION EN ELECTRICIDAD,1981,0,0,2449000,12,Vigente con estudiantes nuevos
2010,I73S2C14J1V1,Pregrado,Profesional Con Licenciatura,INGENIERIA CIVIL INDUSTRIAL EN ELECTRONICA,Ingeniería Civil Industrial,Plan Regular,1,Tecnología,,,Diurna,SEDE CAMPUS COLOSO,INGENIERO CIVIL INDUSTRIAL EN ELECTRONICA,LICENCIADO EN CIENCIAS DE LA INGENIERIA CON MENCION EN ELECTRONICA,1981,0,0,2449000,12,Vigente con estudiantes nuevos
2010,I73S2C154J1V3,Pregrado,Profesional Con Licenciatura,INGENIERIA CIVIL INDUSTRIAL EN MECANICA,Ingeniería Civil Industrial,Plan Especial,3,Tecnología,,,Diurna,SEDE CAMPUS COLOSO,INGENIERO CIVIL INDUSTRIAL MECANICO,LICENCIADO EN CIENCIAS DE LA INGENIERIA CON MENCION MECANICA,2008,0,0,1907000,6,Vigente sin estudiantes nuevos
2010,I73S2C15J1V1,Pregrado,Profesional Con Licenciatura,INGENIERIA CIVIL INDUSTRIAL EN MINAS,Ingeniería Civil Industrial,Plan Regular,1,Tecnología,,,Diurna,SEDE CAMPUS COLOSO,INGENIERO CIVIL INDUSTRIAL EN MINAS,LICENCIADO EN CIENCIAS DE LA INGENIERIA CON MENCION EN MINAS,1982,0,0,1798000,12,Vigente con estudiantes nuevos
2010,I73S2C15J1V2,Pregrado,Profesional Con Licenciatura,INGENIERIA CIVIL INDUSTRIAL EN MINAS,Ingeniería Civil Industrial,Plan Especial,2,Tecnología,,,Diurna,SEDE CAMPUS COLOSO,INGENIERO CIVIL INDUSTRIAL EN MINAS,LICENCIADO EN CIENCIAS DE LA INGENIERIA CON MENCION EN MINAS,2010,30,0,1798000,8,Vigente con estudiantes nuevos
2010,I73S2C15J1V3,Pregrado,Profesional Con Licenciatura,INGENIERIA CIVIL INDUSTRIAL EN MINAS,Ingeniería Civil Industrial,Plan Especial,3,Tecnología,,,Diurna,SEDE CAMPUS COLOSO,INGENIERO CIVIL INDUSTRIAL EN MINAS,LICENCIADO EN CIENCIAS DE LA INGENIERIA CON MENCION EN MINAS,2006,0,0,1798000,8,Vigente sin estudiantes nuevos
2010,I73S2C15J1V4,Pregrado,Profesional Con Licenciatura,INGENIERIA CIVIL INDUSTRIAL EN MINAS,Ingeniería Civil Industrial,Plan Especial,4,Tecnología,,,Diurna,SEDE CAMPUS COLOSO,INGENIERO CIVIL INDUSTRIAL EN MINAS,LICENCIADO EN CIENCIAS DE LA INGENIERIA CON MENCION EN MINAS,2008,0,0,1798000,8,Vigente sin estudiantes nuevos
2010,I73S2C15J1V5,Pregrado,Profesional Con Licenciatura,INGENIERIA CIVIL INDUSTRIAL EN MINAS,Ingeniería Civil Industrial,Plan Especial,5,Tecnología,,,Diurna,SEDE CAMPUS COLOSO,INGENIERO CIVIL INDUSTRIAL EN MINAS,LICENCIADO EN CIENCIAS DE LA INGENIERIA CON MENCION EN MINAS,2008,0,0,1798000,8,Vigente sin estudiantes nuevos
2010,I73S2C15J1V7,Pregrado,Profesional Con Licenciatura,INGENIERIA CIVIL INDUSTRIAL EN MINAS,Ingeniería Civil Industrial,Plan Especial,7,Tecnología,,,Diurna,SEDE CAMPUS COLOSO,INGENIERO CIVIL INDUSTRIAL EN MINAS,LICENCIADO EN CIENCIAS DE LA INGENIERIA CON MENCION EN MINAS,2009,0,0,1798000,8,Vigente sin estudiantes nuevos
2010,I73S2C13J1V1,Pregrado,Profesional Con Licenciatura,INGENIERIA CIVIL INDUSTRIAL EN QUIMICA,Ingeniería Civil Industrial,Plan Regular,1,Tecnología,,,Diurna,SEDE CAMPUS COLOSO,INGENIERO CIVIL INDUSTRIAL EN QUIMICA,LICENCIADO EN CIENCIAS DE LA INGENIERIA CON MENCION EN QUIMICA,1981,0,0,2449000,12,Vigente con estudiantes nuevos
2010,I73S2C115J1V1,Pregrado,Profesional Con Licenciatura,INGENIERIA CIVIL INDUSTRIAL EN SISTEMAS,Ingeniería Civil Industrial,Plan Regular,1,Tecnología,,,Diurna,SEDE CAMPUS COLOSO,INGENIERO CIVIL INDUSTRIAL EN SISTEMAS,LICENCIADO EN CIENCIAS DE LA INGENIERIA MENCION SISTEMAS,1981,0,0,0,12,Vigente sin estudiantes nuevos
2010,I73S2C12J1V1,Pregrado,Profesional Con Licenciatura,INGENIERIA CIVIL INDUSTRIAL MECANICA,Ingeniería Civil Industrial,Plan Regular,1,Tecnología,,,Diurna,SEDE CAMPUS COLOSO,INGENIERO CIVIL INDUSTRIAL MECANICO,LICENCIADO EN CIENCIAS DE LA INGENIERIA CON MENCION EN MECANICA,1981,0,0,2449000,12,Vigente con estudiantes nuevos
2010,I73S2C12J1V2,Pregrado,Profesional Con Licenciatura,INGENIERIA CIVIL INDUSTRIAL MECANICA,Ingeniería Civil Industrial,Plan Especial,2,Tecnología,,,Diurna,SEDE CAMPUS COLOSO,INGENIERO CIVIL INDUSTRIAL MECANICO,LICENCIADO EN CIENCIAS DE LA INGENIERIA CON MENCION EN MECANICA,2006,0,0,1697000,6,Vigente sin estudiantes nuevos
2010,I73S2C17J1V1,Pregrado,Profesional Sin Licenciatura,INGENIERIA DE EJECUCION EN ELECTRICIDAD,Ingeniería en Electricidad,Plan Regular,1,Tecnología,,,Diurna,SEDE CAMPUS COLOSO,INGENIERO DE EJECUCION EN ELECTRICIDAD,SIN GRADO,2000,0,0,2449000,8,Vigente con estudiantes nuevos
2010,I73S2C17J1V2,Pregrado,Profesional Sin Licenciatura,INGENIERIA DE EJECUCION EN ELECTRICIDAD,Ingeniería en Electricidad,Plan Especial,2,Tecnología,,,Diurna,SEDE CAMPUS COLOSO,INGENIERO DE EJECUCION EN ELECTRICIDAD,SIN GRADO,2010,30,0,1668000,8,Vigente con estudiantes nuevos
2010,I73S2C16J1V1,Pregrado,Profesional Sin Licenciatura,INGENIERIA DE EJECUCION EN ELECTRONICA,Ingeniería en Electrónica,Plan Regular,1,Tecnología,,,Diurna,SEDE CAMPUS COLOSO,INGENIERO DE EJECUCION EN ELECTRONICA,SIN GRADO,1981,0,0,2449000,8,Vigente con estudiantes nuevos
2010,I73S2C18J1V1,Pregrado,Profesional Sin Licenciatura,INGENIERIA DE EJECUCION EN GEOMENSURA,Ingeniería en Geomensura y Cartografía,Plan Regular,1,Ciencias Básicas,,,Diurna,SEDE CAMPUS COLOSO,INGENIERO DE EJECUCION EN GEOMENSURA,SIN GRADO,1981,0,0,2449000,8,Vigente con estudiantes nuevos
2010,I73S2C157J1V1,Pregrado,Profesional Sin Licenciatura,INGENIERIA DE EJECUCION EN MECANICA,Ingeniería Mecánica,Plan Especial,1,Tecnología,,,Diurna,SEDE CAMPUS COLOSO,INGENIERO DE EJECUCION EN MECANICA,SIN GRADO,2010,30,0,1768000,8,Vigente con estudiantes nuevos
2010,I73S2C157J1V3,Pregrado,Profesional Sin Licenciatura,INGENIERIA DE EJECUCION EN MECANICA,Ingeniería Mecánica,Plan Especial,3,Tecnología,,,Diurna,SEDE CAMPUS COLOSO,INGENIERO DE EJECUCION EN MECANICA,SIN GRADO,2008,0,0,1769000,8,Vigente sin estudiantes nuevos
2010,I73S2C19J1V1,Pregrado,Profesional Sin Licenciatura,INGENIERIA DE EJECUCION EN MINAS,Ingeniería en Minas,Plan Regular,1,Tecnología,,,Diurna,SEDE CAMPUS COLOSO,INGENIERO DE EJECUCION EN MINAS,SIN GRADO,1981,0,0,2449000,8,Vigente con estudiantes nuevos
2010,I73S2C19J1V2,Pregrado,Profesional Sin Licenciatura,INGENIERIA DE EJECUCION EN MINAS,Ingeniería en Minas,Plan Especial,2,Tecnología,,,Diurna,SEDE CAMPUS COLOSO,INGENIERO DE EJECUCION EN MINAS,SIN GRADO,2010,30,0,2034000,8,Vigente con estudiantes nuevos
2010,I73S2C19J1V3,Pregrado,Profesional Sin Licenciatura,INGENIERIA DE EJECUCION EN MINAS,Ingeniería en Minas,Plan Especial,3,Tecnología,,,Diurna,SEDE CAMPUS COLOSO,INGENIERO DE EJECUCION EN MINAS,SIN GRADO,2006,0,0,2034000,8,Vigente sin estudiantes nuevos
2010,I73S2C19J1V4,Pregrado,Profesional Sin Licenciatura,INGENIERIA DE EJECUCION EN MINAS,Ingeniería en Minas,Plan Especial,4,Tecnología,,,Diurna,SEDE CAMPUS COLOSO,INGENIERO DE EJECUCION EN MINAS,SIN GRADO,2008,0,0,1668000,8,Vigente sin estudiantes nuevos
2010,I73S2C20J1V1,Pregrado,Profesional Sin Licenciatura,INGENIERIA DE EJECUCION EN QUIMICA,Ingeniería en Química,Plan Regular,1,Tecnología,,,Diurna,SEDE CAMPUS COLOSO,INGENIERO DE EJECUCION EN QUIMICA,SIN GRADO,1981,0,0,2449000,8,Vigente con estudiantes nuevos
2010,I73S2C21J1V1,Pregrado,Profesional Sin Licenciatura,INGENIERIA DE EJECUCION MECANICA,Ingeniería Mecánica,Plan Regular,1,Tecnología,,,Diurna,SEDE CAMPUS COLOSO,INGENIERO DE EJECUCION MECANICO,SIN GRADO,1981,0,0,2449000,8,Vigente con estudiantes nuevos
2010,I73S2C21J1V2,Pregrado,Profesional Sin Licenciatura,INGENIERIA DE EJECUCION MECANICA,Ingeniería Mecánica,Plan Especial,2,Tecnología,,,Diurna,SEDE CAMPUS COLOSO,INGENIERO DE EJECUCION MECANICO,SIN GRADO,2005,0,0,1595500,8,Vigente sin estudiantes nuevos
2010,I73S2C116J1V1,Pregrado,Profesional Sin Licenciatura,INGENIERIA EJECUCION EN MINAS,Ingeniería en Minas,Plan Especial,1,Tecnología,,,Diurna,SEDE CAMPUS COLOSO,INGENIERO DE EJECUCION EN MINAS,SIN GRADO,2005,0,0,2034000,8,Vigente sin estudiantes nuevos
2010,I73S2C114J1V1,Pregrado,Profesional Sin Licenciatura,INGENIERIA EJECUCION INDUSTRIAL MENCION GESTION,Ingeniería Industrial,Plan Especial,1,Tecnología,,,Diurna,SEDE CAMPUS COLOSO,"INGENIERO DE EJECUCION INDUSTRIAL, MENCION GESTION",SIN GRADO,2005,0,0,1588000,8,Vigente sin estudiantes nuevos
2010,I73S2C114J1V2,Pregrado,Profesional Sin Licenciatura,INGENIERIA EJECUCION INDUSTRIAL MENCION GESTION,Ingeniería Industrial,Plan Especial,2,Tecnología,,,Diurna,SEDE CAMPUS COLOSO,INGENIERO DE EJECUCION INDUSTRIAL MENCION GESTION,SIN GRADO,2009,0,0,1768000,8,Vigente sin estudiantes nuevos
2010,I73S2C114J1V3,Pregrado,Profesional Sin Licenciatura,INGENIERIA EJECUCION INDUSTRIAL MENCION GESTION,Ingeniería Industrial,Plan Especial,3,Tecnología,,,Diurna,SEDE CAMPUS COLOSO,INGENIERO DE EJECUCION INDUSTRIAL MENCION GESTION,SIN GRADO,2008,0,0,1768000,8,Vigente sin estudiantes nuevos
2010,I73S2C22J1V1,Pregrado,Profesional Con Licenciatura,INGENIERIA EN ACUICULTURA,Ingeniería en Acuicultura y Pesca,Plan Regular,1,Agropecuaria,,,Diurna,SEDE CAMPUS COLOSO,INGENIERO EN ACUICULTURA,LICENCIADO EN CIENCIAS DE LA ACUICULTURA,1981,20,0,2296000,10,Vigente con estudiantes nuevos
2010,I73S2C23J1V1,Pregrado,Profesional Con Licenciatura,INGENIERIA EN ALIMENTOS,Ingeniería en Alimentos,Plan Regular,1,Tecnología,,,Diurna,SEDE CAMPUS COLOSO,INGENIERO EN ALIMENTOS,LICENCIADO EN CIENCIAS DE LOS ALIMENTOS,1981,20,0,2296000,10,Vigente con estudiantes nuevos
2010,I73S2C152J1V1,Pregrado,Profesional Con Licenciatura,INGENIERIA EN ESTADISTICA,Ingeniería en Matemática y Estadística,Plan Regular,1,Ciencias Básicas,,,Diurna,SEDE CAMPUS COLOSO,INGENIERO EN ESTADISTICA,LICENCIADO EN ESTADISTICA,2010,30,0,2250000,10,Vigente con estudiantes nuevos
2010,I73S2C24J1V1,Pregrado,Profesional Con Licenciatura,KINESIOLOGIA,Kinesiología,Plan Regular,1,Salud,,,Diurna,SEDE CAMPUS COLOSO,KINESIOLOGO (A),LICENCIADO EN KINESIOLOGIA,1981,45,0,2391000,10,Vigente con estudiantes nuevos
2010,I73S2C45J1V1,Pregrado,Profesional Con Licenciatura,LICENCIATURA EN CIENCIAS BIOLOGICAS,Biología,Plan Regular,1,Ciencias Básicas,,,Diurna,SEDE CAMPUS COLOSO,BIOLOGO,LICENCIADO EN CIENCIAS BIOLOGICAS,2006,35,0,2237000,10,Vigente con estudiantes nuevos
2010,I73S2C25J1V1,Pregrado,Profesional Con Licenciatura,LICENCIATURA EN QUIMICA,"Química, Licenciado en Química",Plan Regular,1,Ciencias Básicas,,,Diurna,SEDE CAMPUS COLOSO,QUIMICO,LICENCIADO EN QUIMICA,1995,0,0,2164000,8,Vigente con estudiantes nuevos
2010,I73S2C28J1V1,Pregrado,Profesional Con Licenciatura,MEDICINA,Medicina,Plan Regular,1,Salud,,,Diurna,SEDE CAMPUS COLOSO,MEDICO CIRUJANO,LICENCIADO EN CIENCIAS MEDICAS,1996,50,0,3848000,14,Vigente con estudiantes nuevos
2010,I73S2C151J1V1,Pregrado,Profesional Con Licenciatura,NUTRICION Y DIETETICA,Nutrición y Dietética,Plan Regular,1,Salud,,,Diurna,SEDE CAMPUS COLOSO,NUTRICIONISTA,LICENCIADO EN NUTRICION,2010,40,0,2340000,10,Vigente con estudiantes nuevos
2010,I73S2C29J1V1,Pregrado,Profesional Con Licenciatura,OBSTETRICIA Y PUERICULTURA,Obstetricia y Puericultura,Plan Regular,1,Salud,,,Diurna,SEDE CAMPUS COLOSO,MATRON (A),LICENCIADO EN OBSTETRICIA Y PUERICULTURA,1981,45,0,2384000,10,Vigente con estudiantes nuevos
2010,I73S2C30J1V1,Pregrado,Profesional Con Licenciatura,ODONTOLOGIA,Odontología,Plan Regular,1,Salud,,,Diurna,SEDE CAMPUS COLOSO,CIRUJANO DENTISTA,LICENCIADO EN CIENCIAS ODONTOLOGICAS,1997,65,0,3748000,12,Vigente con estudiantes nuevos
2010,I73S2C31J1V1,Pregrado,Profesional Con Licenciatura,PEDAGOGIA EN BIOLOGIA Y CIENCIAS NATURALES,Pedagogía en Ciencias,Plan Regular,1,Educación,,,Diurna,SEDE CAMPUS COLOSO,PROFESOR DE BIOLOGIA Y CIENCIAS NATURALES,LICENCIADO EN EDUCACION,1993,35,0,1884000,9,Vigente con estudiantes nuevos
2010,I73S2C26J1V1,Pregrado,Profesional Con Licenciatura,PEDAGOGIA EN EDUCACION FISICA DAMAS,Pedagogía en Educación Física,Plan Regular,1,Educación,,,Diurna,SEDE CAMPUS COLOSO,PROFESOR DE EDUCACION FISICA,LICENCIADO EN EDUCACION,2006,30,0,1884000,9,Vigente con estudiantes nuevos
2010,I73S2C27J1V1,Pregrado,Profesional Con Licenciatura,PEDAGOGIA EN EDUCACION FISICA VARONES,Pedagogía en Educación Física,Plan Regular,1,Educación,,,Diurna,SEDE CAMPUS COLOSO,PROFESOR DE EDUCACION FISICA,LICENCIADO EN EDUCACION,2006,30,0,1884000,9,Vigente con estudiantes nuevos
2010,I73S2C36J1V1,Pregrado,Profesional Con Licenciatura,PEDAGOGIA EN EDUCACION GENERAL BASICA,Pedagogía en Educación Básica,Plan Regular,1,Educación,,,Diurna,SEDE CAMPUS COLOSO,PROFESOR DE EDUCACION GENERAL BASICA,LICENCIADO EN CIENCIAS DE LA EDUCACION,2001,40,0,1866000,8,Vigente con estudiantes nuevos
2010,I73S2C61J1V1,Pregrado,Profesional Con Licenciatura,PEDAGOGIA EN FILOSOFIA,Pedagogía en Filosofía y Religión,Plan Regular,1,Educación,,,Diurna,SEDE CAMPUS COLOSO,PROFESOR DE FILOSOFIA,LICENCIADO EN EDUCACION,2007,0,0,0,10,Vigente sin estudiantes nuevos
2010,I73S2C87J1V1,Pregrado,Profesional Con Licenciatura,PEDAGOGIA EN INFORMATICA EDUCATIVA,Pedagogía en Educación Tecnológica,Plan Regular,1,Educación,,,Diurna,SEDE CAMPUS COLOSO,PROFESOR EN INFORMATICA EDUCATIVA,LICENCIADO EN EDUCACION,1993,0,0,0,10,Vigente sin estudiantes nuevos
2010,I73S2C42J1V1,Pregrado,Profesional Con Licenciatura,PEDAGOGIA EN LENGUAJE Y COMUNICACION,"Pedagogía en Lenguaje, Comunicación y/o Castellano",Plan Regular,1,Educación,,,Diurna,SEDE CAMPUS COLOSO,PROFESOR DE LENGUAJE Y COMUNICACION,LICENCIADO EN EDUCACION,2006,40,0,1884000,9,Vigente con estudiantes nuevos
2010,I73S2C41J1V1,Pregrado,Profesional Con Licenciatura,PEDAGOGIA EN MATEMATICA,Pedagogía en Matemáticas y Computación,Plan Regular,1,Educación,,,Diurna,SEDE CAMPUS COLOSO,PROFESOR DE EDUCACION MEDIA EN MATEMATICAS,LICENCIADO EN EDUCACION,2006,30,0,1884000,9,Vigente con estudiantes nuevos
2010,I73S2C33J1V1,Pregrado,"Bachillerato, Ciclo Inicial o Plan Común",PLAN COMUN INGENIERIA,Bachillerato y/o Licenciatura en Tecnología,Plan Regular,1,Tecnología,,,Diurna,SEDE CAMPUS COLOSO,NO OTORGA TITULO,NO ENTREGA GRADO,1988,300,0,2449000,4,Vigente con estudiantes nuevos
2010,I73S1C120J4V1,Pregrado,Profesional Sin Licenciatura,PROFESOR DE QUIMICA,Pedagogía en Ciencias,Plan Especial,1,Educación,,,A Distancia,CASA CENTRAL (ANTOFAGASTA),PROFESOR DE QUIMICA,SIN GRADO,2007,25,0,1425000,5,Vigente con estudiantes nuevos
2010,I73S2C47J1V1,Pregrado,Profesional Con Licenciatura,QUIMICO AMBIENTAL,Química Ambiental,Plan Regular,1,Ciencias Básicas,,,Diurna,SEDE CAMPUS COLOSO,QUIMICO AMBIENTAL,LICENCIADO EN TECNOLOGIA QUIMICA AMBIENTAL,2008,20,0,2532000,8,Vigente con estudiantes nuevos
2010,I73S2C34J1V1,Pregrado,Profesional Con Licenciatura,SERVICIO SOCIAL,Trabajo Social,Plan Regular,1,Ciencias Sociales,,,Diurna,SEDE CAMPUS COLOSO,ASISTENTE SOCIAL,LICENCIADO EN TRABAJO SOCIAL,1981,40,0,1823000,10,Vigente con estudiantes nuevos
2010,I73S2C64J1V1,Pregrado,Técnico de Nivel Superior,TECNICO EN ASISTENTE DENTAL,Técnico Dental y Asistente de Odontología,Plan Regular,1,Salud,,,Diurna,SEDE CAMPUS COLOSO,TECNICO NIVEL SUPERIOR ASISTENTE DENTAL,SIN GRADO,2006,0,0,0,4,Vigente sin estudiantes nuevos
2010,I73S2C65J1V1,Pregrado,Técnico de Nivel Superior,TECNICO EN EXPLOTACION MINERA,Técnico en Minería,Plan Regular,1,Tecnología,,,Diurna,SEDE CAMPUS COLOSO,TECNICO NIVEL SUPERIOR EXPLOTACION MINAS,SIN GRADO,2006,30,0,1166000,4,Vigente con estudiantes nuevos
2010,I73S2C66J1V1,Pregrado,Técnico de Nivel Superior,TECNICO EN MANTENIMIENTO INDUSTRIAL,Técnico en Mantenimiento Industrial,Plan Regular,1,Tecnología,,,Diurna,SEDE CAMPUS COLOSO,TECNICO NIVEL SUPERIOR EN MANTENIMIENTO INDUSTRIAL,SIN GRADO,2007,30,0,1144000,4,Vigente con estudiantes nuevos
2010,I73S2C63J1V1,Pregrado,Técnico de Nivel Superior,TECNICO EN METALURGIA,Técnico en Metalurgia,Plan Regular,1,Tecnología,,,Diurna,SEDE CAMPUS COLOSO,TECNICO NIVEL SUPERIOR EN METALURGIA,SIN GRADO,2006,30,0,1166000,4,Vigente con estudiantes nuevos
2010,I73S2C35J1V1,Pregrado,Profesional Con Licenciatura,TECNOLOGIA MEDICA,Tecnología Médica,Plan Regular,1,Salud,,,Diurna,SEDE CAMPUS COLOSO,"TECNOLOGO MEDICO CON MENCION EN LABORATORIO CLINICO, HEMATOLOGIA Y BANCO DE SANGRE",LICENCIADO EN TECNOLOGIA MEDICA,1981,45,0,2508000,10,Vigente con estudiantes nuevos
2011,I73S2C107J1V1,Posgrado,Doctorado,DOCTORADO EN CIENCIAS APLICADAS MENCION SISTEMAS MARINOS COSTEROS,Doctorado en Ciencias Básicas,Plan Regular,1,Ciencias Básicas,Acreditada,Presencial,Diurna,SEDE CAMPUS COLOSO,NO OTORGA TITULO,"DOCTOR EN CIENCIAS APLICADAS, MENCION SISTEMAS MARINOS COSTEROS",2006,10,0,2000000,8,Vigente con estudiantes nuevos
2011,I73S2C108J1V1,Posgrado,Doctorado,DOCTORADO EN CIENCIAS BIOLOGICAS CON MENCIONES,Doctorado en Ciencias Básicas,Plan Regular,1,Ciencias Básicas,Acreditada,Presencial,Diurna,SEDE CAMPUS COLOSO,NO OTORGA TITULO,DOCTOR EN CIENCIAS BIOLOGICAS CON MENCIONES,2006,10,0,1400000,8,Vigente con estudiantes nuevos
2011,I73S2C106J1V1,Posgrado,Doctorado,DOCTORADO EN CIENCIAS DE LA INGENIERIA M/ PROCESAMIENTO DE MINERALES,Doctorado en Tecnología,Plan Regular,1,Tecnología,Acreditada,Presencial,Diurna,SEDE CAMPUS COLOSO,NO OTORGA TITULO,DOCTOR EN INGENIERIA DE PROCESOS DE MINERALES,2006,10,10,2500000,6,Vigente con estudiantes nuevos
2011,I73S2C109J1V1,Posgrado,Doctorado,DOCTORADO EN QUIMICA,Doctorado en Ciencias Básicas,Plan Regular,1,Ciencias Básicas,No Acreditada,Presencial,Diurna,SEDE CAMPUS COLOSO,NO OTORGA TITULO,DOCTOR EN QUIMICA,2006,10,0,2500000,6,Vigente con estudiantes nuevos
2011,I73S2C103J1V1,Posgrado,Magister,MAGISTER EN BIOLOGIA,Magister en Ciencias Básicas,Plan Regular,1,Ciencias Básicas,No Acreditada,Presencial,Diurna,SEDE CAMPUS COLOSO,NO OTORGA TITULO,MAGISTER EN BIOLOGIA,2009,20,0,1500000,4,Vigente con estudiantes nuevos
2011,I73S2C113J1V1,Posgrado,Magister,"MAGISTER EN CIENCIAS BIOMEDICAS M/ BIOLOGIA DE LA REPRODUCCION, MICROBIOLOGIA APLICADA O FISIOLOGIA APLICADA",Magister en Salud,Plan Regular,1,Salud,Acreditada,Presencial,Diurna,SEDE CAMPUS COLOSO,NO OTORGA TITULO,"MAGISTER EN CIENCIAS BIOMEDICAS MENCION BIOLOGIA DE LA REPRODUCCION, MICROBIOLOGIA APLICADA O FISIOLOGIA APLICADA",2001,20,0,1100000,4,Vigente con estudiantes nuevos
2011,I73S2C104J1V1,Posgrado,Magister,"MAGISTER EN CIENCIAS CON MENCION ESTADISTICA INDUSTRIAL, MENCION MATEMATICA APLICADA",Magister en Ciencias Básicas,Plan Regular,1,Ciencias Básicas,No Acreditada,Presencial,Diurna,SEDE CAMPUS COLOSO,NO OTORGA TITULO,MAGISTER EN CIENCIAS CON MENCION EN ESTADISTICA INDUSTRIAL O MATEMATICAS APLICADAS,2004,20,0,1550000,4,Vigente con estudiantes nuevos
2011,I73S2C101J1V1,Posgrado,Magister,MAGISTER EN CIENCIAS DE LA INGENIERIA M/ INGENIERIA DE PROCESOS DE MINERALES,Magister en Tecnología,Plan Regular,1,Tecnología,Acreditada,Presencial,Diurna,SEDE CAMPUS COLOSO,NO OTORGA TITULO,"MAGISTER EN CIENCIAS DE LA INGENIERIA, MENCION INGENIERIA DE PROCESOS DE MINERALES",1998,20,0,1500000,3,Vigente con estudiantes nuevos
2011,I73S2C100J1V1,Posgrado,Magister,MAGISTER EN CIENCIAS ODONTOLOGICAS CON MENCIONES DE ESPECIALIZACION CLINICA,Magister en Salud,Plan Regular,1,Salud,No Acreditada,Presencial,Diurna,SEDE CAMPUS COLOSO,NO OTORGA TITULO,"MAGISTER EN CIENCIAS ODONTOLOGICAS CON MENCION EN CIRUGIA Y TRAUMATOLOGIA MAXILOFACIAL, PERIODONCIA O REHABILITACION ORAL",2007,5,0,4000000,6,Vigente con estudiantes nuevos
2011,I73S2C102J1V1,Posgrado,Magister,"MAGISTER EN CIENCIAS SOCIALES CON MENCION SUJETOS Y PROCESOS SOCIALES, MENCION EN GESTION DIRECTIVA, MENCION COMUNICACION ESTRATEGICA",Magister en Ciencias Sociales,Plan Regular,1,Ciencias Sociales,No Acreditada,Presencial,Diurna,SEDE CAMPUS COLOSO,NO OTORGA TITULO,"MAGISTER EN CIENCIAS SOCIALES CON MENCION SUJETOS Y PROCESOS SOCIALES, MENCION EN GESTION DIRECTIVA, MENCION COMUNICACION ESTRATEGICA",2007,20,20,1465000,3,Vigente con estudiantes nuevos
2011,I73S2C148J1V1,Posgrado,Magister,MAGISTER EN DERECHO,Magister en Derecho,Plan Regular,1,Derecho,No Acreditada,Presencial,Diurna,SEDE CAMPUS COLOSO,NO OTORGA TITULO,MAGISTER EN DERECHO,2000,20,0,1800000,4,Vigente con estudiantes nuevos
2011,I73S2C149J1V1,Posgrado,Magister,MAGISTER EN DESARROLLO ENERGETICO,Magister en Tecnología,Plan Regular,1,Tecnología,No Acreditada,Presencial,Diurna,SEDE CAMPUS COLOSO,NO OTORGA TITULO,MAGISTER EN DESARROLLO ENERGETICO,2000,20,0,2625000,4,Vigente con estudiantes nuevos
2011,I73S2C178J1V1,Posgrado,Magister,MAGISTER EN ECOLOGIA DE SISTEMAS ACUATICOS,Magister en Ciencias Básicas,Plan Regular,1,Ciencias Básicas,No Acreditada,Presencial,Diurna,SEDE CAMPUS COLOSO,NO OTORGA TITULO,MAGISTER EN ECOLOGIA DE SISTEMAS ACUATICOS,2010,20,0,1000000,4,Vigente con estudiantes nuevos
2011,I73S2C150J1V1,Posgrado,Magister,MAGISTER EN INGENIERIA Y TECNOLOGIA DE LOS MATERIALES,Magister en Tecnología,Plan Regular,1,Tecnología,No Acreditada,Presencial,Diurna,SEDE CAMPUS COLOSO,NO OTORGA TITULO,MAGISTER EN INGENIERIA Y TECNOLOGIA DE LOS MATERIALES,2010,20,10,4326694,4,Vigente con estudiantes nuevos
2011,I73S2C105J1V1,Posgrado,Magister,MAGISTER EN MEDIO AMBIENTE Y DESARROLLO SUSTENTABLE,Magister en Tecnología,Plan Regular,1,Tecnología,No Acreditada,Presencial,Diurna,SEDE CAMPUS COLOSO,NO OTORGA TITULO,MAGISTER EN MEDIO AMBIENTE Y DESARROLLO SUSTENTABLE,2007,20,0,1579244,4,Vigente con estudiantes nuevos
2011,I73S2C110J1V1,Posgrado,Magister,"MAGISTER EN SALUD PUBLICA CON MENCION SALUD OCUPACIONAL, MENCION SALUD FAMILIAR, MENCION EPIDEMIOLOGIA",Magister en Salud,Plan Regular,1,Salud,No Acreditada,Presencial,Diurna,SEDE CAMPUS COLOSO,NO OTORGA TITULO,"MAGISTER EN SALUD PUBLICA CON MENCION SALUD OCUPACIONAL, MENCION SALUD FAMILIAR, MENCION EPIDEMIOLOGIA",2006,20,0,2390512,4,Vigente con estudiantes nuevos
2011,I73S2C145J1V1,Postítulo,Especialidad Médica U Odontológica,PROGRAMA DE ESPECIALIZACION EN ODONTOPEDIATRIA,Postítulo en Salud,Plan Regular,1,Salud,No Acreditada,Presencial,Diurna,SEDE CAMPUS COLOSO,NO OTORGA TITULO,ESPECIALISTA EN ODONTOPEDIATRIA,2008,5,0,3900000,4,Vigente con estudiantes nuevos
2011,I73S2C146J1V1,Postítulo,Especialidad Médica U Odontológica,"PROGRAMA DE ESPECIALIZACION EN PERIODONCIA, MENCION IMPLANTOLOGIA",Postítulo en Salud,Plan Regular,1,Salud,No Acreditada,Presencial,Diurna,SEDE CAMPUS COLOSO,NO OTORGA TITULO,ESPECIALISTA EN PERIODONCIA,2008,5,0,3900000,4,Vigente con estudiantes nuevos
2011,I73S2C111J1V1,Postítulo,Especialidad Médica U Odontológica,PROGRAMA DE FORMACION DE ESPECIALISTAS EN PEDIATRIA,Postítulo en Salud,Plan Regular,1,Salud,No Acreditada,Presencial,Diurna,SEDE CAMPUS COLOSO,NO OTORGA TITULO,ESPECIALISTA EN PEDIATRIA,2007,5,0,3200000,6,Vigente con estudiantes nuevos
2011,I73S2C1J1V1,Pregrado,Profesional Con Licenciatura,ADMINISTRACION DE EMPRESAS MENCION RRHH,Administración de Empresas e Ing. Asociadas,Plan Regular,1,Administración y Comercio,No Acreditada,Presencial,Diurna,SEDE CAMPUS COLOSO,ADMINISTRADOR DE EMPRESAS MENCION EN RECURSOS HUMANOS,LICENCIADO EN CIENCIAS DE LA ADMINISTRACION,1994,25,0,2289000,10,Vigente con estudiantes nuevos
2011,I73S2C2J1V1,Pregrado,Profesional Con Licenciatura,ADMINISTRACION PUBLICA,Administración Pública,Plan Regular,1,Ciencias Sociales,No Acreditada,Presencial,Diurna,SEDE CAMPUS COLOSO,ADMINISTRADOR PUBLICO,LICENCIADO EN CIENCIAS DE LA ADMINISTRACION,1994,25,0,2366000,10,Vigente con estudiantes nuevos
2011,I73S2C3J1V1,Pregrado,Técnico de Nivel Superior,ANALISIS QUIMICO,Técnico en Química (Análisis e Industrial),Plan Regular,1,Ciencias Básicas,No Acreditada,Presencial,Diurna,SEDE CAMPUS COLOSO,ANALISTA QUIMICO,BACHILLER EN QUIMICA,1981,0,0,2205000,6,Vigente sin estudiantes nuevos
2011,I73S2C48J1V1,Pregrado,"Bachillerato, Ciclo Inicial o Plan Común",BACHILLERATO EN CIENCIAS,Bachillerato y/o Licenciatura en Ciencias Básicas,Plan Regular,1,Ciencias Básicas,No Acreditada,Presencial,Diurna,SEDE CAMPUS COLOSO,NO OTORGA TITULO,BACHILLER EN CIENCIAS,2004,40,0,1777000,4,Vigente con estudiantes nuevos
2011,I73S2C181J1V1,Pregrado,"Bachillerato, Ciclo Inicial o Plan Común",BACHILLERATO EN CIENCIAS DE LA SALUD,Bachillerato y/o Licenciatura en Salud,Plan Regular,1,Salud,No Acreditada,Presencial,Diurna,SEDE CAMPUS COLOSO,NO OTORGA TITULO,BACHILLER EN CIENCIAS DE LA SALUD,2011,55,0,2650000,4,Vigente con estudiantes nuevos
2011,I73S2C40J1V1,Pregrado,Profesional Con Licenciatura,BIOQUIMICA,Bioquímica,Plan Regular,1,Ciencias Básicas,No Acreditada,Presencial,Diurna,SEDE CAMPUS COLOSO,BIOQUIMICO,LICENCIADO EN BIOQUIMICA,2006,20,0,2794000,10,Vigente con estudiantes nuevos
2011,I73S2C10J1V1,Pregrado,Profesional Con Licenciatura,BIOTECNOLOGIA,Biotecnología,Plan Regular,1,Tecnología,No Acreditada,Presencial,Diurna,SEDE CAMPUS COLOSO,BIOTECNOLOGO,LICENCIADO EN BIOTECNOLOGIA,2007,35,0,2757000,10,Vigente con estudiantes nuevos
2011,I73S2C4J1V1,Pregrado,"Bachillerato, Ciclo Inicial o Plan Común",CICLO BASICO EN QUIMICA,"Química, Licenciado en Química",Plan Regular,1,Ciencias Básicas,No Acreditada,Presencial,Diurna,SEDE CAMPUS COLOSO,NO OTORGA TITULO,BACHILLER EN QUIMICA,1993,0,0,2205000,4,Vigente sin estudiantes nuevos
2011,I73S2C5J1V1,Pregrado,Profesional Con Licenciatura,DERECHO,Derecho,Plan Regular,1,Derecho,No Acreditada,Presencial,Diurna,SEDE CAMPUS COLOSO,ABOGADO (OTORGADO POR LA CORTE SUPREMA),LICENCIADO EN CIENCIAS JURIDICAS,1993,80,0,2801000,12,Vigente con estudiantes nuevos
2011,I73S2C6J1V1,Pregrado,Profesional Sin Licenciatura,DISEÑO GRAFICO PUBLICITARIO,Diseño Gráfico,Plan Regular,1,Arte y Arquitectura,No Acreditada,Presencial,Diurna,SEDE CAMPUS COLOSO,DISEÑADOR GRAFICO PUBLICITARIO,SIN GRADO,1981,30,0,2452000,10,Vigente con estudiantes nuevos
2011,I73S2C7J1V1,Pregrado,Profesional Con Licenciatura,ECOLOGIA MARINA MENCION EN MANEJO DE RECURSOS O IMPACTO AMBIENTAL,Biología Marina y Ecología Marina,Plan Regular,1,Ciencias Básicas,No Acreditada,Presencial,Diurna,SEDE CAMPUS COLOSO,ECOLOGO MARINO MENCION MANEJO DE RECURSOS O IMPACTO AMBIENTAL,LICENCIADO EN CIENCIAS ECOLOGICAS,2002,15,0,2302000,10,Vigente con estudiantes nuevos
2011,I73S2C8J1V1,Pregrado,Profesional Con Licenciatura,EDUCACION PARVULARIA,Pedagogía en Educación de Párvulos,Plan Regular,1,Educación,Acreditada,Presencial,Diurna,SEDE CAMPUS COLOSO,EDUCADOR(A) DE PARVULOS,LICENCIADO EN EDUCACION,1981,30,0,1896000,9,Vigente con estudiantes nuevos
2011,I73S2C9J1V1,Pregrado,Profesional Con Licenciatura,ENFERMERIA,Enfermería,Plan Regular,1,Salud,No Acreditada,Presencial,Diurna,SEDE CAMPUS COLOSO,ENFERMERO(A),LICENCIADO EN ENFERMERIA,1981,50,0,2629000,10,Vigente con estudiantes nuevos
2011,I73S2C38J1V1,Pregrado,Profesional Con Licenciatura,INGENIERIA CIVIL EN GEOMATICA,Ingeniería Civil en Geomática y Geomensura,Plan Regular,1,Ciencias Básicas,No Acreditada,Presencial,Diurna,SEDE CAMPUS COLOSO,INGENIERO CIVIL GEOMATICO,LICENCIADO EN CIENCIAS DE LA INGENIERIA CON MENCION EN GEOMATICA,2006,20,0,2620000,12,Vigente con estudiantes nuevos
2011,I73S2C180J1V1,Pregrado,Profesional Con Licenciatura,INGENIERIA CIVIL EN PROCESOS DE MINERALES,Ingeniería Civil en Minas,Plan Regular,1,Tecnología,No Acreditada,Presencial,Diurna,SEDE CAMPUS COLOSO,INGENIERO CIVIL EN PROCESOS DE MINERALES,LICENCIADO EN CIENCIAS DE LA INGENIERIA,2011,30,0,2757000,12,Vigente con estudiantes nuevos
2011,I73S2C39J1V1,Pregrado,Profesional Con Licenciatura,INGENIERIA CIVIL INDUSTRIAL,Ingeniería Civil Industrial,Plan Regular,1,Tecnología,No Acreditada,Presencial,Diurna,SEDE CAMPUS COLOSO,INGENIERO CIVIL INDUSTRIAL,LICENCIADO EN CIENCIAS DE LA INGENIERIA,2005,0,0,2620000,12,Vigente con estudiantes nuevos
2011,I73S2C39J1V5,Pregrado,Profesional Con Licenciatura,INGENIERIA CIVIL INDUSTRIAL,Ingeniería Civil Industrial,Plan Especial,5,Tecnología,No Acreditada,Presencial,Diurna,SEDE CAMPUS COLOSO,INGENIERO CIVIL INDUSTRIAL,LICENCIADO EN CIENCIAS DE LA INGENIERIA,2008,0,0,0,6,Vigente sin estudiantes nuevos
2011,I73S2C39J1V6,Pregrado,Profesional Con Licenciatura,INGENIERIA CIVIL INDUSTRIAL,Ingeniería Civil Industrial,Plan Especial,6,Tecnología,No Acreditada,Presencial,Diurna,SEDE CAMPUS COLOSO,INGENIERO CIVIL INDUSTRIAL,LICENCIADO EN CIENCIAS DE LA INGENIERIA,2009,0,0,1982000,6,Vigente sin estudiantes nuevos
2011,I73S2C39J1V7,Pregrado,Profesional Con Licenciatura,INGENIERIA CIVIL INDUSTRIAL,Ingeniería Civil Industrial,Plan Especial,7,Tecnología,No Acreditada,Presencial,Diurna,SEDE CAMPUS COLOSO,INGENIERO CIVIL INDUSTRIAL,LICENCIADO EN CIENCIAS DE LA INGENIERIA,2011,0,0,2300000,6,Vigente con estudiantes nuevos
2011,I73S2C11J1V1,Pregrado,Profesional Con Licenciatura,INGENIERIA CIVIL INDUSTRIAL EN ELECTRICIDAD,Ingeniería Civil Industrial,Plan Regular,1,Tecnología,No Acreditada,Presencial,Diurna,SEDE CAMPUS COLOSO,INGENIERO CIVIL INDUSTRIAL EN ELECTRICIDAD,LICENCIADO EN CIENCIAS DE LA INGENIERIA CON MENCION EN ELECTRICIDAD,1981,0,0,2620000,12,Vigente con estudiantes nuevos
2011,I73S2C14J1V1,Pregrado,Profesional Con Licenciatura,INGENIERIA CIVIL INDUSTRIAL EN ELECTRONICA,Ingeniería Civil Industrial,Plan Regular,1,Tecnología,No Acreditada,Presencial,Diurna,SEDE CAMPUS COLOSO,INGENIERO CIVIL INDUSTRIAL EN ELECTRONICA,LICENCIADO EN CIENCIAS DE LA INGENIERIA CON MENCION EN ELECTRONICA,1981,0,0,2620000,12,Vigente con estudiantes nuevos
2011,I73S2C15J1V1,Pregrado,Profesional Con Licenciatura,INGENIERIA CIVIL INDUSTRIAL EN MINAS,Ingeniería Civil Industrial,Plan Regular,1,Tecnología,No Acreditada,Presencial,Diurna,SEDE CAMPUS COLOSO,INGENIERO CIVIL INDUSTRIAL EN MINAS,LICENCIADO EN CIENCIAS DE LA INGENIERIA CON MENCION EN MINAS,1982,0,0,2620000,12,Vigente con estudiantes nuevos
2011,I73S2C15J1V3,Pregrado,Profesional Con Licenciatura,INGENIERIA CIVIL INDUSTRIAL EN MINAS,Ingeniería Civil Industrial,Plan Especial,3,Tecnología,No Acreditada,Presencial,Diurna,SEDE CAMPUS COLOSO,INGENIERO CIVIL INDUSTRIAL EN MINAS,LICENCIADO EN CIENCIAS DE LA INGENIERIA CON MENCION EN MINAS,0,0,0,0,8,Vigente sin estudiantes nuevos
2011,I73S2C15J1V4,Pregrado,Profesional Con Licenciatura,INGENIERIA CIVIL INDUSTRIAL EN MINAS,Ingeniería Civil Industrial,Plan Especial,4,Tecnología,No Acreditada,Presencial,Diurna,SEDE CAMPUS COLOSO,INGENIERO CIVIL INDUSTRIAL EN MINAS,LICENCIADO EN CIENCIAS DE LA INGENIERIA CON MENCION EN MINAS,0,0,0,0,8,Vigente sin estudiantes nuevos
2011,I73S2C15J1V5,Pregrado,Profesional Con Licenciatura,INGENIERIA CIVIL INDUSTRIAL EN MINAS,Ingeniería Civil Industrial,Plan Especial,5,Tecnología,No Acreditada,Presencial,Diurna,SEDE CAMPUS COLOSO,INGENIERO CIVIL INDUSTRIAL EN MINAS,LICENCIADO EN CIENCIAS DE LA INGENIERIA CON MENCION EN MINAS,2008,0,0,1906000,8,Vigente sin estudiantes nuevos
2011,I73S2C15J1V7,Pregrado,Profesional Con Licenciatura,INGENIERIA CIVIL INDUSTRIAL EN MINAS,Ingeniería Civil Industrial,Plan Especial,7,Tecnología,No Acreditada,Presencial,Diurna,SEDE CAMPUS COLOSO,INGENIERO CIVIL INDUSTRIAL EN MINAS,LICENCIADO EN CIENCIAS DE LA INGENIERIA CON MENCION EN MINAS,2009,0,0,0,8,Vigente sin estudiantes nuevos
2011,I73S2C15J1V8,Pregrado,Profesional Con Licenciatura,INGENIERIA CIVIL INDUSTRIAL EN MINAS,Ingeniería Civil Industrial,Plan Especial,8,Tecnología,No Acreditada,Presencial,Diurna,SEDE CAMPUS COLOSO,INGENIERO CIVIL INDUSTRIAL EN MINAS,LICENCIADO EN CIENCIAS DE LA INGENIERIA CON MENCION EN MINAS,2011,0,0,2200000,6,Vigente con estudiantes nuevos
2011,I73S2C13J1V1,Pregrado,Profesional Con Licenciatura,INGENIERIA CIVIL INDUSTRIAL EN QUIMICA,Ingeniería Civil Industrial,Plan Regular,1,Tecnología,No Acreditada,Presencial,Diurna,SEDE CAMPUS COLOSO,INGENIERO CIVIL INDUSTRIAL EN QUIMICA,LICENCIADO EN CIENCIAS DE LA INGENIERIA CON MENCION EN QUIMICA,1981,0,0,2620000,12,Vigente con estudiantes nuevos
2011,I73S2C12J1V1,Pregrado,Profesional Con Licenciatura,INGENIERIA CIVIL INDUSTRIAL MECANICA,Ingeniería Civil Industrial,Plan Regular,1,Tecnología,No Acreditada,Presencial,Diurna,SEDE CAMPUS COLOSO,INGENIERO CIVIL INDUSTRIAL MECANICO,LICENCIADO EN CIENCIAS DE LA INGENIERIA CON MENCION EN MECANICA,1981,0,0,2620000,12,Vigente con estudiantes nuevos
2011,I73S2C12J1V4,Pregrado,Profesional Con Licenciatura,INGENIERIA CIVIL INDUSTRIAL MECANICA,Ingeniería Civil Industrial,Plan Especial,4,Tecnología,No Acreditada,Presencial,Diurna,SEDE CAMPUS COLOSO,INGENIERO CIVIL INDUSTRIAL MECANICO,LICENCIADO EN CIENCIAS DE LA INGENIERIA CON MENCION EN MECANICA,2011,0,0,2300000,6,Vigente con estudiantes nuevos
2011,I73S2C17J1V1,Pregrado,Profesional Sin Licenciatura,INGENIERIA DE EJECUCION EN ELECTRICIDAD,Ingeniería en Electricidad,Plan Regular,1,Tecnología,No Acreditada,Presencial,Diurna,SEDE CAMPUS COLOSO,INGENIERO DE EJECUCION EN ELECTRICIDAD,SIN GRADO,2000,0,0,2620000,8,Vigente con estudiantes nuevos
2011,I73S2C17J1V2,Pregrado,Profesional Sin Licenciatura,INGENIERIA DE EJECUCION EN ELECTRICIDAD,Ingeniería en Electricidad,Plan Especial,2,Tecnología,No Acreditada,Presencial,Diurna,SEDE CAMPUS COLOSO,INGENIERO DE EJECUCION EN ELECTRICIDAD,SIN GRADO,0,0,0,1768000,8,Vigente sin estudiantes nuevos
2011,I73S2C17J1V3,Pregrado,Profesional Sin Licenciatura,INGENIERIA DE EJECUCION EN ELECTRICIDAD,Ingeniería en Electricidad,Plan Especial,3,Tecnología,No Acreditada,Presencial,Diurna,SEDE CAMPUS COLOSO,INGENIERO DE EJECUCION EN ELECTRICIDAD,SIN GRADO,2011,0,0,2300000,8,Vigente con estudiantes nuevos
2011,I73S2C16J1V1,Pregrado,Profesional Sin Licenciatura,INGENIERIA DE EJECUCION EN ELECTRONICA,Ingeniería en Electrónica,Plan Regular,1,Tecnología,No Acreditada,Presencial,Diurna,SEDE CAMPUS COLOSO,INGENIERO DE EJECUCION EN ELECTRONICA,SIN GRADO,1981,0,0,2620000,8,Vigente con estudiantes nuevos
2011,I73S2C18J1V1,Pregrado,Profesional Sin Licenciatura,INGENIERIA DE EJECUCION EN GEOMENSURA,Ingeniería en Geomensura y Cartografía,Plan Regular,1,Ciencias Básicas,No Acreditada,Presencial,Diurna,SEDE CAMPUS COLOSO,INGENIERO DE EJECUCION EN GEOMENSURA,SIN GRADO,1981,0,0,2620000,8,Vigente con estudiantes nuevos
2011,I73S2C157J1V3,Pregrado,Profesional Sin Licenciatura,INGENIERIA DE EJECUCION EN MECANICA,Ingeniería Mecánica,Plan Especial,3,Tecnología,No Acreditada,Presencial,Diurna,SEDE CAMPUS COLOSO,INGENIERO DE EJECUCION EN MECANICA,SIN GRADO,2008,0,0,1875000,8,Vigente sin estudiantes nuevos
2011,I73S2C157J1V4,Pregrado,Profesional Sin Licenciatura,INGENIERIA DE EJECUCION EN MECANICA,Ingeniería Mecánica,Plan Especial,4,Tecnología,No Acreditada,Presencial,Diurna,SEDE CAMPUS COLOSO,INGENIERO DE EJECUCION EN MECANICA,SIN GRADO,2011,0,0,2300000,8,Vigente con estudiantes nuevos
2011,I73S2C19J1V1,Pregrado,Profesional Sin Licenciatura,INGENIERIA DE EJECUCION EN MINAS,Ingeniería en Minas,Plan Regular,1,Tecnología,No Acreditada,Presencial,Diurna,SEDE CAMPUS COLOSO,INGENIERO DE EJECUCION EN MINAS,SIN GRADO,1981,0,0,2620000,8,Vigente con estudiantes nuevos
2011,I73S2C19J1V4,Pregrado,Profesional Sin Licenciatura,INGENIERIA DE EJECUCION EN MINAS,Ingeniería en Minas,Plan Especial,4,Tecnología,No Acreditada,Presencial,Diurna,SEDE CAMPUS COLOSO,INGENIERO DE EJECUCION EN MINAS,SIN GRADO,0,0,0,1875000,8,Vigente sin estudiantes nuevos
2011,I73S2C19J1V5,Pregrado,Profesional Sin Licenciatura,INGENIERIA DE EJECUCION EN MINAS,Ingeniería en Minas,Plan Especial,5,Tecnología,No Acreditada,Presencial,Diurna,SEDE CAMPUS COLOSO,INGENIERO DE EJECUCION EN MINAS,SIN GRADO,2011,0,0,2300000,8,Vigente con estudiantes nuevos
2011,I73S2C20J1V1,Pregrado,Profesional Sin Licenciatura,INGENIERIA DE EJECUCION EN QUIMICA,Ingeniería en Química,Plan Regular,1,Tecnología,No Acreditada,Presencial,Diurna,SEDE CAMPUS COLOSO,INGENIERO DE EJECUCION EN QUIMICA,SIN GRADO,1981,0,0,2620000,8,Vigente con estudiantes nuevos
2011,I73S2C21J1V1,Pregrado,Profesional Sin Licenciatura,INGENIERIA DE EJECUCION MECANICA,Ingeniería Mecánica,Plan Regular,1,Tecnología,No Acreditada,Presencial,Diurna,SEDE CAMPUS COLOSO,INGENIERO DE EJECUCION MECANICO,SIN GRADO,1981,0,0,2620000,8,Vigente con estudiantes nuevos
2011,I73S2C114J1V3,Pregrado,Profesional Sin Licenciatura,INGENIERIA EJECUCION INDUSTRIAL MENCION GESTION,Ingeniería Industrial,Plan Especial,3,Tecnología,No Acreditada,Presencial,Diurna,SEDE CAMPUS COLOSO,INGENIERO DE EJECUCION INDUSTRIAL MENCION GESTION,SIN GRADO,2008,0,0,1874000,8,Vigente sin estudiantes nuevos
2011,I73S2C114J1V4,Pregrado,Profesional Sin Licenciatura,INGENIERIA EJECUCION INDUSTRIAL MENCION GESTION,Ingeniería Industrial,Plan Especial,4,Tecnología,No Acreditada,Presencial,Diurna,SEDE CAMPUS COLOSO,INGENIERO DE EJECUCION INDUSTRIAL MENCION GESTION,SIN GRADO,2011,0,0,2300000,8,Vigente con estudiantes nuevos
2011,I73S2C22J1V1,Pregrado,Profesional Con Licenciatura,INGENIERIA EN ACUICULTURA,Ingeniería en Acuicultura y Pesca,Plan Regular,1,Agropecuaria,No Acreditada,Presencial,Diurna,SEDE CAMPUS COLOSO,INGENIERO EN ACUICULTURA,LICENCIADO EN CIENCIAS DE LA ACUICULTURA,1981,15,0,2411000,10,Vigente con estudiantes nuevos
2011,I73S2C23J1V1,Pregrado,Profesional Con Licenciatura,INGENIERIA EN ALIMENTOS,Ingeniería en Alimentos,Plan Regular,1,Tecnología,No Acreditada,Presencial,Diurna,SEDE CAMPUS COLOSO,INGENIERO EN ALIMENTOS,LICENCIADO EN CIENCIAS DE LOS ALIMENTOS,1981,15,0,2388000,10,Vigente con estudiantes nuevos
2011,I73S2C152J1V1,Pregrado,Profesional Con Licenciatura,INGENIERIA EN ESTADISTICA,Ingeniería en Matemática y Estadística,Plan Regular,1,Ciencias Básicas,No Acreditada,Presencial,Diurna,SEDE CAMPUS COLOSO,INGENIERO EN ESTADISTICA,LICENCIADO EN ESTADISTICA,2010,20,0,2405000,10,Vigente con estudiantes nuevos
2011,I73S2C33J1V1,Pregrado,"Bachillerato, Ciclo Inicial o Plan Común",INGENIERIA PLAN COMUN,Bachillerato y/o Licenciatura en Tecnología,Plan Regular,1,Tecnología,No Acreditada,Presencial,Diurna,SEDE CAMPUS COLOSO,NO OTORGA TITULO,NO ENTREGA GRADO,1993,300,0,2620000,4,Vigente con estudiantes nuevos
2011,I73S2C24J1V1,Pregrado,Profesional Con Licenciatura,KINESIOLOGIA,Kinesiología,Plan Regular,1,Salud,No Acreditada,Presencial,Diurna,SEDE CAMPUS COLOSO,KINESIOLOGO (A),LICENCIADO EN KINESIOLOGIA,1981,50,0,2604000,10,Vigente con estudiantes nuevos
2011,I73S2C45J1V1,Pregrado,Profesional Con Licenciatura,LICENCIATURA EN CIENCIAS BIOLOGICAS,Biología,Plan Regular,1,Ciencias Básicas,No Acreditada,Presencial,Diurna,SEDE CAMPUS COLOSO,BIOLOGO,LICENCIADO EN CIENCIAS BIOLOGICAS,2006,20,0,2436000,10,Vigente con estudiantes nuevos
2011,I73S2C25J1V1,Pregrado,Profesional Con Licenciatura,LICENCIATURA EN QUIMICA,"Química, Licenciado en Química",Plan Regular,1,Ciencias Básicas,No Acreditada,Presencial,Diurna,SEDE CAMPUS COLOSO,QUIMICO,LICENCIADO EN QUIMICA,1995,0,0,2205000,8,Vigente sin estudiantes nuevos
2011,I73S2C28J1V1,Pregrado,Profesional Con Licenciatura,MEDICINA,Medicina,Plan Regular,1,Salud,Acreditada,Presencial,Diurna,SEDE CAMPUS COLOSO,MEDICO CIRUJANO,LICENCIADO EN CIENCIAS MEDICAS,1996,50,0,4114000,14,Vigente con estudiantes nuevos
2011,I73S2C151J1V1,Pregrado,Profesional Con Licenciatura,NUTRICION Y DIETETICA,Nutrición y Dietética,Plan Regular,1,Salud,No Acreditada,Presencial,Diurna,SEDE CAMPUS COLOSO,NUTRICIONISTA,LICENCIADO EN NUTRICION,2010,45,0,2548000,10,Vigente con estudiantes nuevos
2011,I73S2C29J1V1,Pregrado,Profesional Con Licenciatura,OBSTETRICIA Y PUERICULTURA,Obstetricia y Puericultura,Plan Regular,1,Salud,No Acreditada,Presencial,Diurna,SEDE CAMPUS COLOSO,MATRON (A),LICENCIADO EN OBSTETRICIA Y PUERICULTURA,1981,45,0,2596000,10,Vigente con estudiantes nuevos
2011,I73S2C30J1V1,Pregrado,Profesional Con Licenciatura,ODONTOLOGIA,Odontología,Plan Regular,1,Salud,Acreditada,Presencial,Diurna,SEDE CAMPUS COLOSO,CIRUJANO DENTISTA,LICENCIADO EN CIENCIAS ODONTOLOGICAS,1997,65,0,4010000,12,Vigente con estudiantes nuevos
2011,I73S2C31J1V1,Pregrado,Profesional Con Licenciatura,PEDAGOGIA EN BIOLOGIA Y CIENCIAS NATURALES,Pedagogía en Ciencias,Plan Regular,1,Educación,Acreditada,Presencial,Diurna,SEDE CAMPUS COLOSO,PROFESOR DE BIOLOGIA Y CIENCIAS NATURALES,LICENCIADO EN EDUCACION,1993,20,0,1959000,9,Vigente con estudiantes nuevos
2011,I73S2C26J1V1,Pregrado,Profesional Con Licenciatura,PEDAGOGIA EN EDUCACION FISICA DAMAS,Pedagogía en Educación Física,Plan Regular,1,Educación,Acreditada,Presencial,Diurna,SEDE CAMPUS COLOSO,PROFESOR DE EDUCACION FISICA,LICENCIADO EN EDUCACION,2006,25,0,1959000,9,Vigente con estudiantes nuevos
2011,I73S2C27J1V1,Pregrado,Profesional Con Licenciatura,PEDAGOGIA EN EDUCACION FISICA VARONES,Pedagogía en Educación Física,Plan Regular,1,Educación,Acreditada,Presencial,Diurna,SEDE CAMPUS COLOSO,PROFESOR DE EDUCACION FISICA,LICENCIADO EN EDUCACION,2006,25,0,1959000,9,Vigente con estudiantes nuevos
2011,I73S2C36J1V1,Pregrado,Profesional Con Licenciatura,PEDAGOGIA EN EDUCACION GENERAL BASICA,Pedagogía en Educación Básica,Plan Regular,1,Educación,Acreditada,Presencial,Diurna,SEDE CAMPUS COLOSO,PROFESOR DE EDUCACION GENERAL BASICA,LICENCIADO EN CIENCIAS DE LA EDUCACION,2001,30,0,1941000,8,Vigente con estudiantes nuevos
2011,I73S2C61J1V1,Pregrado,Profesional Con Licenciatura,PEDAGOGIA EN FILOSOFIA,Pedagogía en Filosofía y Religión,Plan Regular,1,Educación,Acreditada,Presencial,Diurna,SEDE CAMPUS COLOSO,PROFESOR DE FILOSOFIA,LICENCIADO EN EDUCACION,0,0,0,1703000,9,Vigente sin estudiantes nuevos
2011,I73S2C42J1V1,Pregrado,Profesional Con Licenciatura,PEDAGOGIA EN LENGUAJE Y COMUNICACION,"Pedagogía en Lenguaje, Comunicación y/o Castellano",Plan Regular,1,Educación,Acreditada,Presencial,Diurna,SEDE CAMPUS COLOSO,PROFESOR DE LENGUAJE Y COMUNICACION,LICENCIADO EN EDUCACION,2006,40,0,1959000,9,Vigente con estudiantes nuevos
2011,I73S2C41J1V1,Pregrado,Profesional Con Licenciatura,PEDAGOGIA EN MATEMATICA,Pedagogía en Matemáticas y Computación,Plan Regular,1,Educación,Acreditada,Presencial,Diurna,SEDE CAMPUS COLOSO,PROFESOR DE EDUCACION MEDIA EN MATEMATICAS,LICENCIADO EN EDUCACION,2006,20,0,1959000,9,Vigente con estudiantes nuevos
2011,I73S1C161J4V1,Pregrado,Profesional Sin Licenciatura,PROFESOR DE BIOLOGIA Y CIENCIAS NATURALES,Pedagogía en Ciencias,Plan Especial,1,Educación,No Acreditada,No Presencial,A Distancia,CASA CENTRAL (ANTOFAGASTA),PROFESOR DE BIOLOGIA Y CIENCIAS NATURALES,NO OTORGA GRADO,0,0,0,712500,4,Vigente con estudiantes nuevos
2011,I73S1C117J4V1,Pregrado,Profesional Sin Licenciatura,PROFESOR DE EDUCACION DIFERENCIAL CON MENCION EN LENGUAJE,Pedagogía en Educación Diferencial,Plan Especial,1,Educación,No Acreditada,No Presencial,A Distancia,CASA CENTRAL (ANTOFAGASTA),PROFESOR DE EDUCACION DIFERENCIAL CON MENCION EN LENGUAJE,NO OTORGA GRADO,0,0,0,825000,2,Vigente con estudiantes nuevos
2011,I73S1C118J4V1,Pregrado,Profesional Sin Licenciatura,PROFESOR DE EDUCACION ESPECIAL MENCION DEFICIENCIA MENTAL,Pedagogía en Educación Diferencial,Plan Especial,1,Educación,No Acreditada,No Presencial,A Distancia,CASA CENTRAL (ANTOFAGASTA),PROFESOR DE EDUCACION ESPECIAL MENCION DEFICIENCIA MENTAL,NO OTORGA GRADO,0,0,0,825000,2,Vigente con estudiantes nuevos
2011,I73S1C119J4V1,Pregrado,Profesional Sin Licenciatura,PROFESOR DE EDUCACION ESPECIAL MENCION LENGUAJE,Pedagogía en Educación Diferencial,Plan Especial,1,Educación,No Acreditada,No Presencial,A Distancia,CASA CENTRAL (ANTOFAGASTA),PROFESOR DE EDUCACION ESPECIAL MENCION LENGUAJE,NO OTORGA GRADO,0,0,0,825000,2,Vigente con estudiantes nuevos
2011,I73S1C120J4V1,Pregrado,Profesional Sin Licenciatura,PROFESOR DE QUIMICA,Pedagogía en Ciencias,Plan Especial,1,Educación,No Acreditada,No Presencial,A Distancia,CASA CENTRAL (ANTOFAGASTA),PROFESOR DE QUIMICA,NO OTORGA GRADO,2007,0,0,712500,5,Vigente con estudiantes nuevos
2011,I73S2C179J1V1,Pregrado,Profesional Con Licenciatura,QUIMICA,"Química, Licenciado en Química",Plan Regular,1,Ciencias Básicas,No Acreditada,Presencial,Diurna,SEDE CAMPUS COLOSO,QUIMICO,LICENCIADO EN QUIMICA,2011,20,0,2251000,10,Vigente con estudiantes nuevos
2011,I73S2C47J1V1,Pregrado,Profesional Con Licenciatura,QUIMICO AMBIENTAL,Química Ambiental,Plan Regular,1,Ciencias Básicas,No Acreditada,Presencial,Diurna,SEDE CAMPUS COLOSO,QUIMICO AMBIENTAL,LICENCIADO EN TECNOLOGIA QUIMICA AMBIENTAL,2008,20,0,2633000,9,Vigente con estudiantes nuevos
2011,I73S2C34J1V1,Pregrado,Profesional Con Licenciatura,SERVICIO SOCIAL,Trabajo Social,Plan Regular,1,Ciencias Sociales,Acreditada,Presencial,Diurna,SEDE CAMPUS COLOSO,ASISTENTE SOCIAL,LICENCIADO EN TRABAJO SOCIAL,1981,0,0,1858000,10,Vigente sin estudiantes nuevos
2011,I73S2C65J1V1,Pregrado,Técnico de Nivel Superior,TECNICO EN EXPLOTACION MINERA,Técnico en Minería,Plan Regular,1,Tecnología,No Acreditada,Presencial,Diurna,SEDE CAMPUS COLOSO,TECNICO NIVEL SUPERIOR EXPLOTACION MINAS,SIN GRADO,2006,0,0,1220000,4,Vigente con estudiantes nuevos
2011,I73S2C66J1V1,Pregrado,Técnico de Nivel Superior,TECNICO EN MANTENIMIENTO INDUSTRIAL,Técnico en Mantenimiento Industrial,Plan Regular,1,Tecnología,No Acreditada,Presencial,Diurna,SEDE CAMPUS COLOSO,TECNICO NIVEL SUPERIOR EN MANTENIMIENTO INDUSTRIAL,SIN GRADO,2007,0,0,1220000,4,Vigente con estudiantes nuevos
2011,I73S2C63J1V1,Pregrado,Técnico de Nivel Superior,TECNICO EN METALURGIA,Técnico en Metalurgia,Plan Regular,1,Tecnología,No Acreditada,Presencial,Diurna,SEDE CAMPUS COLOSO,TECNICO NIVEL SUPERIOR EN METALURGIA,SIN GRADO,2006,0,0,1220000,4,Vigente con estudiantes nuevos
2011,I73S2C35J1V1,Pregrado,Profesional Con Licenciatura,TECNOLOGIA MEDICA,Tecnología Médica,Plan Regular,1,Salud,No Acreditada,Presencial,Diurna,SEDE CAMPUS COLOSO,"TECNOLOGO MEDICO CON MENCION EN LABORATORIO CLINICO, HEMATOLOGIA Y BANCO DE SANGRE",LICENCIADO EN TECNOLOGIA MEDICA,1981,50,0,2731000,10,Vigente con estudiantes nuevos
2011,I73S2C182J1V1,Pregrado,Profesional Con Licenciatura,TRABAJO SOCIAL,Trabajo Social,Plan Regular,1,Ciencias Sociales,No Acreditada,Presencial,Diurna,SEDE CAMPUS COLOSO,TRABAJADOR(A) SOCIAL,LICENCIADO(A) EN TRABAJO SOCIAL,2011,50,0,1896000,10,Vigente con estudiantes nuevos
2012,I73S2C107J1V1,Posgrado,Doctorado,DOCTORADO EN CIENCIAS APLICADAS MENCION SISTEMAS MARINOS COSTEROS,Doctorado en Ciencias Básicas,Plan Regular,1,Ciencias Básicas,Acreditada,Presencial,Diurna,SEDE CAMPUS COLOSO,NO OTORGA TITULO,"DOCTOR EN CIENCIAS APLICADAS, MENCION SISTEMAS MARINOS COSTEROS",2006,10,0,2000000,8,Vigente con estudiantes nuevos
2012,I73S2C108J1V1,Posgrado,Doctorado,DOCTORADO EN CIENCIAS BIOLOGICAS CON MENCIONES,Doctorado en Ciencias Básicas,Plan Regular,1,Ciencias Básicas,Acreditada,Presencial,Diurna,SEDE CAMPUS COLOSO,NO OTORGA TITULO,DOCTOR EN CIENCIAS BIOLOGICAS CON MENCIONES,2006,10,0,1400000,8,Vigente con estudiantes nuevos
2012,I73S2C106J1V1,Posgrado,Doctorado,DOCTORADO EN INGENIERIA DE PROCESO DE MINERALES,Doctorado en Tecnología,Plan Regular,1,Tecnología,Acreditada,Presencial,Diurna,SEDE CAMPUS COLOSO,NO OTORGA TITULO,DOCTOR EN INGENIERIA DE PROCESOS DE MINERALES,2006,10,10,2500000,6,Vigente con estudiantes nuevos
2012,I73S2C109J1V1,Posgrado,Doctorado,DOCTORADO EN QUIMICA,Doctorado en Ciencias Básicas,Plan Regular,1,Ciencias Básicas,No Acreditada,Presencial,Diurna,SEDE CAMPUS COLOSO,NO OTORGA TITULO,DOCTOR EN QUIMICA,2006,10,0,0,6,Vigente sin estudiantes nuevos
2012,I73S2C103J1V1,Posgrado,Magister,MAGISTER EN BIOLOGIA,Magister en Ciencias Básicas,Plan Regular,1,Ciencias Básicas,No Acreditada,Presencial,Diurna,SEDE CAMPUS COLOSO,NO OTORGA TITULO,MAGISTER EN BIOLOGIA,2009,20,0,1500000,4,Vigente con estudiantes nuevos
2012,I73S2C113J1V1,Posgrado,Magister,"MAGISTER EN CIENCIAS BIOMEDICAS M/ BIOLOGIA DE LA REPRODUCCION, MICROBIOLOGIA APLICADA O FISIOLOGIA APLICADA",Magister en Salud,Plan Regular,1,Salud,Acreditada,Presencial,Diurna,SEDE CAMPUS COLOSO,NO OTORGA TITULO,"MAGISTER EN CIENCIAS BIOMEDICAS MENCION BIOLOGIA DE LA REPRODUCCION, MICROBIOLOGIA APLICADA O FISIOLOGIA APLICADA",2001,20,0,1100000,4,Vigente con estudiantes nuevos
2012,I73S2C104J1V1,Posgrado,Magister,"MAGISTER EN CIENCIAS CON MENCION ESTADISTICA INDUSTRIAL, MENCION MATEMATICA APLICADA",Magister en Ciencias Básicas,Plan Regular,1,Ciencias Básicas,No Acreditada,Presencial,Diurna,SEDE CAMPUS COLOSO,NO OTORGA TITULO,MAGISTER EN CIENCIAS CON MENCION EN ESTADISTICA INDUSTRIAL O MATEMATICAS APLICADAS,2004,20,0,1625000,4,Vigente con estudiantes nuevos
2012,I73S2C101J1V1,Posgrado,Magister,MAGISTER EN CIENCIAS DE LA INGENIERIA M/ INGENIERIA DE PROCESOS DE MINERALES,Magister en Tecnología,Plan Regular,1,Tecnología,Acreditada,Presencial,Diurna,SEDE CAMPUS COLOSO,NO OTORGA TITULO,"MAGISTER EN CIENCIAS DE LA INGENIERIA, MENCION INGENIERIA DE PROCESOS DE MINERALES",1998,20,0,1500000,3,Vigente con estudiantes nuevos
2012,I73S2C100J1V1,Posgrado,Magister,MAGISTER EN CIENCIAS ODONTOLOGICAS CON MENCIONES DE ESPECIALIZACION CLINICA,Magister en Salud,Plan Regular,1,Salud,No Acreditada,Presencial,Diurna,SEDE CAMPUS COLOSO,NO OTORGA TITULO,"MAGISTER EN CIENCIAS ODONTOLOGICAS CON MENCION EN CIRUGIA Y TRAUMATOLOGIA MAXILOFACIAL, PERIODONCIA O REHABILITACION ORAL",2007,5,0,4000000,6,Vigente con estudiantes nuevos
2012,I73S2C102J1V1,Posgrado,Magister,"MAGISTER EN CIENCIAS SOCIALES CON MENCION SUJETOS Y PROCESOS SOCIALES, MENCION EN GESTION DIRECTIVA, MENCION COMUNICACION ESTRATEGICA",Magister en Ciencias Sociales,Plan Regular,1,Ciencias Sociales,No Acreditada,Presencial,Diurna,SEDE CAMPUS COLOSO,NO OTORGA TITULO,"MAGISTER EN CIENCIAS SOCIALES CON MENCION SUJETOS Y PROCESOS SOCIALES, MENCION EN GESTION DIRECTIVA, MENCION COMUNICACION ESTRATEGICA",2007,20,20,2025000,3,Vigente con estudiantes nuevos
2012,I73S2C148J1V1,Posgrado,Magister,MAGISTER EN DERECHO,Magister en Derecho,Plan Regular,1,Derecho,No Acreditada,Presencial,Diurna,SEDE CAMPUS COLOSO,NO OTORGA TITULO,MAGISTER EN DERECHO,2000,0,0,0,4,Vigente sin estudiantes nuevos
2012,I73S2C149J1V1,Posgrado,Magister,MAGISTER EN DESARROLLO ENERGETICO,Magister en Tecnología,Plan Regular,1,Tecnología,No Acreditada,Presencial,Diurna,SEDE CAMPUS COLOSO,NO OTORGA TITULO,MAGISTER EN DESARROLLO ENERGETICO,2000,20,0,2625000,4,Vigente con estudiantes nuevos
2012,I73S2C178J1V1,Posgrado,Magister,MAGISTER EN ECOLOGIA DE SISTEMAS ACUATICOS,Magister en Ciencias Básicas,Plan Regular,1,Ciencias Básicas,No Acreditada,Presencial,Diurna,SEDE CAMPUS COLOSO,NO OTORGA TITULO,MAGISTER EN ECOLOGIA DE SISTEMAS ACUATICOS,2010,20,0,1000000,4,Vigente con estudiantes nuevos
2012,I73S2C192J1V1,Posgrado,Magister,MAGISTER EN HIGIENE OCUPACIONAL PRACTICA,Magister en Tecnología,Plan Regular,1,Tecnología,No Acreditada,Presencial,Diurna,SEDE CAMPUS COLOSO,NO OTORGA TITULO,MAGISTER EN HIGIENE OCUPACIONAL PRACTICA,2012,20,0,4400000,4,Vigente con estudiantes nuevos
2012,I73S2C150J1V1,Posgrado,Magister,MAGISTER EN INGENIERIA Y TECNOLOGIA DE LOS MATERIALES,Magister en Tecnología,Plan Regular,1,Tecnología,No Acreditada,Presencial,Diurna,SEDE CAMPUS COLOSO,NO OTORGA TITULO,MAGISTER EN INGENIERIA Y TECNOLOGIA DE LOS MATERIALES,2010,0,0,0,4,Vigente sin estudiantes nuevos
2012,I73S2C105J1V1,Posgrado,Magister,MAGISTER EN MEDIO AMBIENTE Y DESARROLLO SUSTENTABLE,Magister en Tecnología,Plan Regular,1,Tecnología,No Acreditada,Presencial,Diurna,SEDE CAMPUS COLOSO,NO OTORGA TITULO,MAGISTER EN MEDIO AMBIENTE Y DESARROLLO SUSTENTABLE,2007,20,0,1624008,4,Vigente con estudiantes nuevos
2012,I73S2C110J1V1,Posgrado,Magister,"MAGISTER EN SALUD PUBLICA CON MENCION SALUD OCUPACIONAL, MENCION SALUD FAMILIAR, MENCION EPIDEMIOLOGIA",Magister en Salud,Plan Regular,1,Salud,No Acreditada,Presencial,Diurna,SEDE CAMPUS COLOSO,NO OTORGA TITULO,"MAGISTER EN SALUD PUBLICA CON MENCION SALUD OCUPACIONAL, MENCION SALUD FAMILIAR, MENCION EPIDEMIOLOGIA",2006,20,0,2498000,4,Vigente con estudiantes nuevos
2012,I73S2C145J1V1,Postítulo,Especialidad Médica U Odontológica,PROGRAMA DE ESPECIALIZACION EN ODONTOPEDIATRIA,Postítulo en Salud,Plan Regular,1,Salud,No Acreditada,Presencial,Diurna,SEDE CAMPUS COLOSO,NO OTORGA TITULO,ESPECIALISTA EN ODONTOPEDIATRIA,2008,5,0,4000000,4,Vigente con estudiantes nuevos
2012,I73S2C146J1V1,Postítulo,Especialidad Médica U Odontológica,"PROGRAMA DE ESPECIALIZACION EN PERIODONCIA, MENCION IMPLANTOLOGIA",Postítulo en Salud,Plan Regular,1,Salud,No Acreditada,Presencial,Diurna,SEDE CAMPUS COLOSO,NO OTORGA TITULO,ESPECIALISTA EN PERIODONCIA,2008,5,0,4000000,4,Vigente con estudiantes nuevos
2012,I73S2C111J1V1,Postítulo,Especialidad Médica U Odontológica,PROGRAMA DE FORMACION DE ESPECIALISTAS EN PEDIATRIA,Postítulo en Salud,Plan Regular,1,Salud,No Acreditada,Presencial,Diurna,SEDE CAMPUS COLOSO,NO OTORGA TITULO,ESPECIALISTA EN PEDIATRIA,2007,5,0,3200000,6,Vigente con estudiantes nuevos
2012,I73S2C1J1V1,Pregrado,Profesional Con Licenciatura,ADMINISTRACION DE EMPRESAS MENCION RRHH,Administración de Empresas e Ing. Asociadas,Plan Regular,1,Administración y Comercio,No Acreditada,Presencial,Diurna,SEDE CAMPUS COLOSO,ADMINISTRADOR DE EMPRESAS MENCION EN RECURSOS HUMANOS,LICENCIADO EN CIENCIAS DE LA ADMINISTRACION,1994,0,0,2335000,10,Vigente sin estudiantes nuevos
2012,I73S2C2J1V1,Pregrado,Profesional Con Licenciatura,ADMINISTRACION PUBLICA,Administración Pública,Plan Regular,1,Ciencias Sociales,No Acreditada,Presencial,Diurna,SEDE CAMPUS COLOSO,ADMINISTRADOR PUBLICO,LICENCIADO EN CIENCIAS DE LA ADMINISTRACION,1994,15,0,2449000,10,Vigente con estudiantes nuevos
2012,I73S2C3J1V1,Pregrado,Técnico de Nivel Superior,ANALISIS QUIMICO,Técnico en Química (Análisis e Industrial),Plan Regular,1,Ciencias Básicas,No Acreditada,Presencial,Diurna,SEDE CAMPUS COLOSO,ANALISTA QUIMICO,BACHILLER EN QUIMICA,1981,0,0,2249000,6,Vigente sin estudiantes nuevos
2012,I73S2C48J1V1,Pregrado,"Bachillerato, Ciclo Inicial o Plan Común",BACHILLERATO EN CIENCIAS,Bachillerato y/o Licenciatura en Ciencias Básicas,Plan Regular,1,Ciencias Básicas,No Acreditada,Presencial,Diurna,SEDE CAMPUS COLOSO,NO OTORGA TITULO,BACHILLER EN CIENCIAS,2004,45,0,1839000,4,Vigente con estudiantes nuevos
2012,I73S2C181J1V1,Pregrado,"Bachillerato, Ciclo Inicial o Plan Común",BACHILLERATO EN CIENCIAS DE LA SALUD,Bachillerato y/o Licenciatura en Salud,Plan Regular,1,Salud,No Acreditada,Presencial,Diurna,SEDE CAMPUS COLOSO,NO OTORGA TITULO,BACHILLER EN CIENCIAS DE LA SALUD,2011,55,0,2743000,4,Vigente con estudiantes nuevos
2012,I73S2C40J1V1,Pregrado,Profesional Con Licenciatura,BIOQUIMICA,Bioquímica,Plan Regular,1,Ciencias Básicas,No Acreditada,Presencial,Diurna,SEDE CAMPUS COLOSO,BIOQUIMICO,LICENCIADO EN BIOQUIMICA,2006,20,0,2892000,10,Vigente con estudiantes nuevos
2012,I73S2C10J1V1,Pregrado,Profesional Con Licenciatura,BIOTECNOLOGIA,Biotecnología,Plan Regular,1,Tecnología,No Acreditada,Presencial,Diurna,SEDE CAMPUS COLOSO,BIOTECNOLOGO,LICENCIADO EN BIOTECNOLOGIA,2007,30,0,2853000,10,Vigente con estudiantes nuevos
2012,I73S2C4J1V1,Pregrado,"Bachillerato, Ciclo Inicial o Plan Común",CICLO BASICO EN QUIMICA,"Química, Licenciado en Química",Plan Regular,1,Ciencias Básicas,No Acreditada,Presencial,Diurna,SEDE CAMPUS COLOSO,NO OTORGA TITULO,BACHILLER EN QUIMICA,1993,0,0,2249000,4,Vigente sin estudiantes nuevos
2012,I73S2C5J1V1,Pregrado,Profesional Con Licenciatura,DERECHO,Derecho,Plan Regular,1,Derecho,Acreditada,Presencial,Diurna,SEDE CAMPUS COLOSO,ABOGADO (OTORGADO POR LA CORTE SUPREMA),LICENCIADO EN CIENCIAS JURIDICAS,1993,80,0,2899000,12,Vigente con estudiantes nuevos
2012,I73S2C6J1V1,Pregrado,Profesional Sin Licenciatura,DISEÑO GRAFICO PUBLICITARIO,Diseño Gráfico,Plan Regular,1,Arte y Arquitectura,No Acreditada,Presencial,Diurna,SEDE CAMPUS COLOSO,DISEÑADOR GRAFICO PUBLICITARIO,SIN GRADO,1981,20,0,2538000,10,Vigente con estudiantes nuevos
2012,I73S2C7J1V1,Pregrado,Profesional Con Licenciatura,ECOLOGIA MARINA MENCION EN MANEJO DE RECURSOS O IMPACTO AMBIENTAL,Biología Marina y Ecología Marina,Plan Regular,1,Ciencias Básicas,No Acreditada,Presencial,Diurna,SEDE CAMPUS COLOSO,ECOLOGO MARINO MENCION MANEJO DE RECURSOS O IMPACTO AMBIENTAL,LICENCIADO EN CIENCIAS ECOLOGICAS,2002,0,0,2348000,10,Vigente sin estudiantes nuevos
2012,I73S2C8J1V1,Pregrado,Profesional Con Licenciatura,EDUCACION PARVULARIA,Pedagogía en Educación de Párvulos,Plan Regular,1,Educación,Acreditada,Presencial,Diurna,SEDE CAMPUS COLOSO,EDUCADOR(A) DE PARVULOS,LICENCIADO EN EDUCACION,1981,20,0,1962000,9,Vigente con estudiantes nuevos
2012,I73S2C9J1V1,Pregrado,Profesional Con Licenciatura,ENFERMERIA,Enfermería,Plan Regular,1,Salud,No Acreditada,Presencial,Diurna,SEDE CAMPUS COLOSO,ENFERMERO(A),LICENCIADO EN ENFERMERIA,1981,50,0,2721000,10,Vigente con estudiantes nuevos
2012,I73S2C38J1V1,Pregrado,Profesional Con Licenciatura,INGENIERIA CIVIL EN GEOMATICA,Ingeniería Civil en Geomática y Geomensura,Plan Regular,1,Ciencias Básicas,No Acreditada,Presencial,Diurna,SEDE CAMPUS COLOSO,INGENIERO CIVIL GEOMATICO,LICENCIADO EN CIENCIAS DE LA INGENIERIA CON MENCION EN GEOMATICA,2006,15,0,2712000,12,Vigente con estudiantes nuevos
2012,I73S2C180J1V1,Pregrado,Profesional Con Licenciatura,INGENIERIA CIVIL EN PROCESOS MINERALES,Ingeniería Civil en Minas,Plan Regular,1,Tecnología,No Acreditada,Presencial,Diurna,SEDE CAMPUS COLOSO,INGENIERO CIVIL EN PROCESOS DE MINERALES,LICENCIADO EN CIENCIAS DE LA INGENIERIA,2011,15,0,2853000,12,Vigente con estudiantes nuevos
2012,I73S2C39J1V1,Pregrado,Profesional Con Licenciatura,INGENIERIA CIVIL INDUSTRIAL,Ingeniería Civil Industrial,Plan Regular,1,Tecnología,No Acreditada,Presencial,Diurna,SEDE CAMPUS COLOSO,INGENIERO CIVIL INDUSTRIAL,LICENCIADO EN CIENCIAS DE LA INGENIERIA,2005,40,0,2712000,12,Vigente con estudiantes nuevos
2012,I73S2C39J1V2,Pregrado,Profesional Con Licenciatura,INGENIERIA CIVIL INDUSTRIAL,Ingeniería Civil Industrial,Plan Especial,2,Tecnología,No Acreditada,Presencial,Diurna,SEDE CAMPUS COLOSO,INGENIERO CIVIL INDUSTRIAL,LICENCIADO EN CIENCIAS DE LA INGENIERIA,2012,0,0,2484000,6,Vigente con estudiantes nuevos
2012,I73S2C11J1V1,Pregrado,Profesional Con Licenciatura,INGENIERIA CIVIL INDUSTRIAL EN ELECTRICIDAD,Ingeniería Civil Industrial,Plan Regular,1,Tecnología,No Acreditada,Presencial,Diurna,SEDE CAMPUS COLOSO,INGENIERO CIVIL INDUSTRIAL EN ELECTRICIDAD,LICENCIADO EN CIENCIAS DE LA INGENIERIA CON MENCION EN ELECTRICIDAD,1981,20,0,2712000,12,Vigente con estudiantes nuevos
2012,I73S2C11J1V2,Pregrado,Profesional Con Licenciatura,INGENIERIA CIVIL INDUSTRIAL EN ELECTRICIDAD,Ingeniería Civil Industrial,Plan Especial,2,Tecnología,No Acreditada,Presencial,Diurna,SEDE CAMPUS COLOSO,INGENIERO CIVIL INDUSTRIAL EN ELECTRICIDAD,LICENCIADO EN CIENCIAS DE LA INGENIERIA CON MENCION EN ELECTRICIDAD,2012,0,0,2484000,8,Vigente con estudiantes nuevos
2012,I73S2C14J1V1,Pregrado,Profesional Con Licenciatura,INGENIERIA CIVIL INDUSTRIAL EN ELECTRONICA,Ingeniería Civil Industrial,Plan Regular,1,Tecnología,No Acreditada,Presencial,Diurna,SEDE CAMPUS COLOSO,INGENIERO CIVIL INDUSTRIAL EN ELECTRONICA,LICENCIADO EN CIENCIAS DE LA INGENIERIA CON MENCION EN ELECTRONICA,1981,20,0,2712000,12,Vigente con estudiantes nuevos
2012,I73S2C15J1V1,Pregrado,Profesional Con Licenciatura,INGENIERIA CIVIL INDUSTRIAL EN MINAS,Ingeniería Civil Industrial,Plan Regular,1,Tecnología,No Acreditada,Presencial,Diurna,SEDE CAMPUS COLOSO,INGENIERO CIVIL INDUSTRIAL EN MINAS,LICENCIADO EN CIENCIAS DE LA INGENIERIA CON MENCION EN MINAS,1982,80,0,2712000,12,Vigente con estudiantes nuevos
2012,I73S2C15J1V2,Pregrado,Profesional Con Licenciatura,INGENIERIA CIVIL INDUSTRIAL EN MINAS,Ingeniería Civil Industrial,Plan Especial,2,Tecnología,No Acreditada,Presencial,Diurna,SEDE CAMPUS COLOSO,INGENIERO CIVIL INDUSTRIAL EN MINAS,LICENCIADO EN CIENCIAS DE LA INGENIERIA CON MENCION EN MINAS,2012,0,0,2484000,6,Vigente con estudiantes nuevos
2012,I73S2C15J1V9,Pregrado,Profesional Con Licenciatura,INGENIERIA CIVIL INDUSTRIAL EN MINAS,Ingeniería Civil Industrial,Plan Especial,9,Tecnología,No Acreditada,Presencial,Diurna,SEDE CAMPUS COLOSO,INGENIERO CIVIL INDUSTRIAL EN MINAS,LICENCIADO EN CIENCIAS DE LA INGENIERIA CON MENCION EN MINAS,2012,0,0,2484000,8,Vigente con estudiantes nuevos
2012,I73S2C13J1V1,Pregrado,Profesional Con Licenciatura,INGENIERIA CIVIL INDUSTRIAL EN QUIMICA,Ingeniería Civil Industrial,Plan Regular,1,Tecnología,No Acreditada,Presencial,Diurna,SEDE CAMPUS COLOSO,INGENIERO CIVIL INDUSTRIAL EN QUIMICA,LICENCIADO EN CIENCIAS DE LA INGENIERIA CON MENCION EN QUIMICA,1981,0,0,2672000,12,Vigente sin estudiantes nuevos
2012,I73S2C12J1V1,Pregrado,Profesional Con Licenciatura,INGENIERIA CIVIL INDUSTRIAL MECANICA,Ingeniería Civil Industrial,Plan Regular,1,Tecnología,No Acreditada,Presencial,Diurna,SEDE CAMPUS COLOSO,INGENIERO CIVIL INDUSTRIAL MECANICO,LICENCIADO EN CIENCIAS DE LA INGENIERIA CON MENCION EN MECANICA,1981,20,0,2712000,12,Vigente con estudiantes nuevos
2012,I73S2C12J1V2,Pregrado,Profesional Con Licenciatura,INGENIERIA CIVIL INDUSTRIAL MECANICA,Ingeniería Civil Industrial,Plan Especial,2,Tecnología,No Acreditada,Presencial,Diurna,SEDE CAMPUS COLOSO,INGENIERO CIVIL INDUSTRIAL MECANICO,LICENCIADO EN CIENCIAS DE LA INGENIERIA CON MENCION EN MECANICA,2012,0,0,2484000,6,Vigente con estudiantes nuevos
2012,I73S2C193J1V1,Pregrado,Profesional Con Licenciatura,INGENIERIA COMERCIAL,Ingeniería Comercial,Plan Regular,1,Administración y Comercio,No Acreditada,Presencial,Diurna,SEDE CAMPUS COLOSO,INGENIERO COMERCIAL CON MENCION EN NEGOCIO MINERO,LICENCIADO EN CIENCIAS DE LA ADMINISTRACION DE EMPRESAS,2012,40,0,2712000,10,Vigente con estudiantes nuevos
2012,I73S2C17J1V1,Pregrado,Profesional Con Licenciatura,INGENIERIA DE EJECUCION EN ELECTRICIDAD,Ingeniería en Electricidad,Plan Regular,1,Tecnología,No Acreditada,Presencial,Diurna,SEDE CAMPUS COLOSO,INGENIERO DE EJECUCION EN ELECTRICIDAD,LICENCIADO EN INGENIERIA APLICADA,2000,15,0,2712000,8,Vigente con estudiantes nuevos
2012,I73S2C17J1V2,Pregrado,Profesional Con Licenciatura,INGENIERIA DE EJECUCION EN ELECTRICIDAD,Ingeniería en Electricidad,Plan Especial,2,Tecnología,No Acreditada,Presencial,Diurna,SEDE CAMPUS COLOSO,INGENIERO DE EJECUCION EN ELECTRICIDAD,LICENCIADO EN INGENIERIA APLICADA,2012,0,0,2484000,8,Vigente con estudiantes nuevos
2012,I73S2C17J1V3,Pregrado,Profesional Con Licenciatura,INGENIERIA DE EJECUCION EN ELECTRICIDAD,Ingeniería en Electricidad,Plan Especial,3,Tecnología,No Acreditada,Presencial,Diurna,SEDE CAMPUS COLOSO,INGENIERO DE EJECUCION EN ELECTRICIDAD,LICENCIADO EN INGENIERIA APLICADA,0,0,0,2484000,8,Vigente sin estudiantes nuevos
2012,I73S2C16J1V1,Pregrado,Profesional Con Licenciatura,INGENIERIA DE EJECUCION EN ELECTRONICA,Ingeniería en Electrónica,Plan Regular,1,Tecnología,No Acreditada,Presencial,Diurna,SEDE CAMPUS COLOSO,INGENIERO DE EJECUCION EN ELECTRONICA,LICENCIADO EN INGENIERIA APLICADA,1981,15,0,2712000,8,Vigente con estudiantes nuevos
2012,I73S2C18J1V1,Pregrado,Profesional Con Licenciatura,INGENIERIA DE EJECUCION EN GEOMENSURA,Ingeniería en Geomensura y Cartografía,Plan Regular,1,Ciencias Básicas,No Acreditada,Presencial,Diurna,SEDE CAMPUS COLOSO,INGENIERO DE EJECUCION EN GEOMENSURA,LICENCIADO EN INGENIERIA APLICADA,1981,0,0,2672000,8,Vigente sin estudiantes nuevos
2012,I73S2C157J1V1,Pregrado,Profesional Con Licenciatura,INGENIERIA DE EJECUCION EN MECANICA,Ingeniería Mecánica,Plan Especial,1,Tecnología,No Acreditada,Presencial,Diurna,SEDE CAMPUS COLOSO,INGENIERO DE EJECUCION EN MECANICA,LICENCIADO EN INGENIERIA APLICADA,2012,0,0,2484000,8,Vigente con estudiantes nuevos
2012,I73S2C157J1V3,Pregrado,Profesional Con Licenciatura,INGENIERIA DE EJECUCION EN MECANICA,Ingeniería Mecánica,Plan Especial,3,Tecnología,No Acreditada,Presencial,Diurna,SEDE CAMPUS COLOSO,INGENIERO DE EJECUCION EN MECANICA,LICENCIADO EN INGENIERIA APLICADA,0,0,0,2484000,8,Vigente sin estudiantes nuevos
2012,I73S2C157J1V4,Pregrado,Profesional Con Licenciatura,INGENIERIA DE EJECUCION EN MECANICA,Ingeniería Mecánica,Plan Especial,4,Tecnología,No Acreditada,Presencial,Diurna,SEDE CAMPUS COLOSO,INGENIERO DE EJECUCION EN MECANICA,LICENCIADO EN INGENIERIA APLICADA,0,0,0,2484000,8,Vigente sin estudiantes nuevos
2012,I73S2C19J1V1,Pregrado,Profesional Con Licenciatura,INGENIERIA DE EJECUCION EN MINAS,Ingeniería en Minas,Plan Regular,1,Tecnología,No Acreditada,Presencial,Diurna,SEDE CAMPUS COLOSO,INGENIERO DE EJECUCION EN MINAS,LICENCIADO EN INGENIERIA APLICADA,1981,20,0,2712000,8,Vigente con estudiantes nuevos
2012,I73S2C19J1V2,Pregrado,Profesional Con Licenciatura,INGENIERIA DE EJECUCION EN MINAS,Ingeniería en Minas,Plan Especial,2,Tecnología,No Acreditada,Presencial,Diurna,SEDE CAMPUS COLOSO,INGENIERO DE EJECUCION EN MINAS,LICENCIADO EN INGENIERIA APLICADA,2012,0,0,2484000,8,Vigente con estudiantes nuevos
2012,I73S2C19J1V4,Pregrado,Profesional Con Licenciatura,INGENIERIA DE EJECUCION EN MINAS,Ingeniería en Minas,Plan Especial,4,Tecnología,No Acreditada,Presencial,Diurna,SEDE CAMPUS COLOSO,INGENIERO DE EJECUCION EN MINAS,LICENCIADO EN INGENIERIA APLICADA,0,0,0,1900000,8,Vigente sin estudiantes nuevos
2012,I73S2C19J1V5,Pregrado,Profesional Con Licenciatura,INGENIERIA DE EJECUCION EN MINAS,Ingeniería en Minas,Plan Especial,5,Tecnología,No Acreditada,Presencial,Diurna,SEDE CAMPUS COLOSO,INGENIERO DE EJECUCION EN MINAS,LICENCIADO EN INGENIERIA APLICADA,0,0,0,2100000,8,Vigente sin estudiantes nuevos
2012,I73S2C20J1V1,Pregrado,Profesional Con Licenciatura,INGENIERIA DE EJECUCION EN QUIMICA,Ingeniería en Química,Plan Regular,1,Tecnología,No Acreditada,Presencial,Diurna,SEDE CAMPUS COLOSO,INGENIERO DE EJECUCION EN QUIMICA,LICENCIADO EN INGENIERIA APLICADA,1981,0,0,2672000,8,Vigente sin estudiantes nuevos
2012,I73S2C21J1V1,Pregrado,Profesional Con Licenciatura,INGENIERIA DE EJECUCION MECANICA,Ingeniería Mecánica,Plan Regular,1,Tecnología,No Acreditada,Presencial,Diurna,SEDE CAMPUS COLOSO,INGENIERO DE EJECUCION MECANICO,LICENCIADO EN INGENIERIA APLICADA,1981,15,0,2712000,8,Vigente con estudiantes nuevos
